"Molecule ChEMBL ID";"Molecule Name";"Molecule Max Phase";"Molecular Weight";"#RO5 Violations";"AlogP";"Compound Key";"Smiles";"Standard Type";"Standard Relation";"Standard Value";"Standard Units";"pChEMBL Value";"Data Validity Comment";"Comment";"Uo Units";"Ligand Efficiency BEI";"Ligand Efficiency LE";"Ligand Efficiency LLE";"Ligand Efficiency SEI";"Potential Duplicate";"Assay ChEMBL ID";"Assay Description";"Assay Type";"BAO Format ID";"BAO Label";"Assay Organism";"Assay Tissue ChEMBL ID";"Assay Tissue Name";"Assay Cell Type";"Assay Subcellular Fraction";"Assay Parameters";"Assay Variant Accession";"Assay Variant Mutation";"Target ChEMBL ID";"Target Name";"Target Organism";"Target Type";"Document ChEMBL ID";"Source ID";"Source Description";"Document Journal";"Document Year";"Cell ChEMBL ID";"Properties"
"CHEMBL282245";"";"0";"347.35";"0";"1.89";"6";"CN(C)S(=O)(=O)c1ccc2oc3ccc(C(=O)O)cc3c(=O)c2c1";"Inhibition";"'='";"67.0";"%";"";"";"";"UO_0000187";"";"";"";"";"0";"CHEMBL642958";"Antiallergic agent with Aldose reductase Inhibitory Activity at 10E-6 M concentration";"B";"BAO_0000357";"single protein format";"Oryctolagus cuniculus";"None";"None";"None";"None";"";"";"";"CHEMBL3567";"Aldose reductase";"Oryctolagus cuniculus";"SINGLE PROTEIN";"CHEMBL1121566";"1";"Scientific Literature";"J. Med. Chem.";"1980";"None";""
"CHEMBL282026";"";"0";"375.40";"0";"2.67";"9";"CC(C)N(C)S(=O)(=O)c1ccc2oc3ccc(C(=O)O)cc3c(=O)c2c1";"Inhibition";"'='";"89.0";"%";"";"";"";"UO_0000187";"";"";"";"";"0";"CHEMBL642963";"Percent inhibition of rabbit lens aldose reductase in vitro at 10E-4 M concentration";"B";"BAO_0000357";"single protein format";"Oryctolagus cuniculus";"None";"None";"None";"None";"";"";"";"CHEMBL3567";"Aldose reductase";"Oryctolagus cuniculus";"SINGLE PROTEIN";"CHEMBL1121566";"1";"Scientific Literature";"J. Med. Chem.";"1980";"None";""
"CHEMBL280952";"";"0";"361.38";"0";"2.28";"7";"CCN(C)S(=O)(=O)c1ccc2oc3ccc(C(=O)O)cc3c(=O)c2c1";"Inhibition";"'='";"81.0";"%";"";"";"";"UO_0000187";"";"";"";"";"0";"CHEMBL642957";"Antiallergic agent with Aldose reductase Inhibitory Activity at 10E-5 M concentration";"B";"BAO_0000357";"single protein format";"Oryctolagus cuniculus";"None";"None";"None";"None";"";"";"";"CHEMBL3567";"Aldose reductase";"Oryctolagus cuniculus";"SINGLE PROTEIN";"CHEMBL1121566";"1";"Scientific Literature";"J. Med. Chem.";"1980";"None";""
"CHEMBL25328";"";"0";"284.27";"0";"2.70";"26";"CC(O)c1ccc2oc3ccc(C(=O)O)cc3c(=O)c2c1";"Inhibition";"'='";"10.0";"%";"";"";"";"UO_0000187";"";"";"";"";"0";"CHEMBL642958";"Antiallergic agent with Aldose reductase Inhibitory Activity at 10E-6 M concentration";"B";"BAO_0000357";"single protein format";"Oryctolagus cuniculus";"None";"None";"None";"None";"";"";"";"CHEMBL3567";"Aldose reductase";"Oryctolagus cuniculus";"SINGLE PROTEIN";"CHEMBL1121566";"1";"Scientific Literature";"J. Med. Chem.";"1980";"None";""
"CHEMBL23771";"TIXANOX";"0";"302.31";"0";"2.38";"24";"C[S+]([O-])c1ccc2oc3ccc(C(=O)O)cc3c(=O)c2c1";"Inhibition";"'='";"20.0";"%";"";"";"";"UO_0000187";"";"";"";"";"0";"CHEMBL642957";"Antiallergic agent with Aldose reductase Inhibitory Activity at 10E-5 M concentration";"B";"BAO_0000357";"single protein format";"Oryctolagus cuniculus";"None";"None";"None";"None";"";"";"";"CHEMBL3567";"Aldose reductase";"Oryctolagus cuniculus";"SINGLE PROTEIN";"CHEMBL1121566";"1";"Scientific Literature";"J. Med. Chem.";"1980";"None";""
"CHEMBL23771";"TIXANOX";"0";"302.31";"0";"2.38";"24";"C[S+]([O-])c1ccc2oc3ccc(C(=O)O)cc3c(=O)c2c1";"Inhibition";"'='";"0.0";"%";"";"";"";"UO_0000187";"";"";"";"";"0";"CHEMBL642958";"Antiallergic agent with Aldose reductase Inhibitory Activity at 10E-6 M concentration";"B";"BAO_0000357";"single protein format";"Oryctolagus cuniculus";"None";"None";"None";"None";"";"";"";"CHEMBL3567";"Aldose reductase";"Oryctolagus cuniculus";"SINGLE PROTEIN";"CHEMBL1121566";"1";"Scientific Literature";"J. Med. Chem.";"1980";"None";""
"CHEMBL23346";"";"0";"389.43";"0";"2.92";"10";"CC(C)CN(C)S(=O)(=O)c1ccc2oc3ccc(C(=O)O)cc3c(=O)c2c1";"Inhibition";"'='";"75.0";"%";"";"";"";"UO_0000187";"";"";"";"";"0";"CHEMBL642957";"Antiallergic agent with Aldose reductase Inhibitory Activity at 10E-5 M concentration";"B";"BAO_0000357";"single protein format";"Oryctolagus cuniculus";"None";"None";"None";"None";"";"";"";"CHEMBL3567";"Aldose reductase";"Oryctolagus cuniculus";"SINGLE PROTEIN";"CHEMBL1121566";"1";"Scientific Literature";"J. Med. Chem.";"1980";"None";""
"CHEMBL280952";"";"0";"361.38";"0";"2.28";"7";"CCN(C)S(=O)(=O)c1ccc2oc3ccc(C(=O)O)cc3c(=O)c2c1";"Inhibition";"'='";"23.0";"%";"";"";"";"UO_0000187";"";"";"";"";"0";"CHEMBL642958";"Antiallergic agent with Aldose reductase Inhibitory Activity at 10E-6 M concentration";"B";"BAO_0000357";"single protein format";"Oryctolagus cuniculus";"None";"None";"None";"None";"";"";"";"CHEMBL3567";"Aldose reductase";"Oryctolagus cuniculus";"SINGLE PROTEIN";"CHEMBL1121566";"1";"Scientific Literature";"J. Med. Chem.";"1980";"None";""
"CHEMBL23763";"";"0";"333.32";"0";"1.55";"5";"CNS(=O)(=O)c1ccc2oc3ccc(C(=O)O)cc3c(=O)c2c1";"Inhibition";"'='";"40.0";"%";"";"";"";"UO_0000187";"";"";"";"";"0";"CHEMBL642957";"Antiallergic agent with Aldose reductase Inhibitory Activity at 10E-5 M concentration";"B";"BAO_0000357";"single protein format";"Oryctolagus cuniculus";"None";"None";"None";"None";"";"";"";"CHEMBL3567";"Aldose reductase";"Oryctolagus cuniculus";"SINGLE PROTEIN";"CHEMBL1121566";"1";"Scientific Literature";"J. Med. Chem.";"1980";"None";""
"CHEMBL25328";"";"0";"284.27";"0";"2.70";"26";"CC(O)c1ccc2oc3ccc(C(=O)O)cc3c(=O)c2c1";"Inhibition";"'='";"10.0";"%";"";"";"";"UO_0000187";"";"";"";"";"0";"CHEMBL642957";"Antiallergic agent with Aldose reductase Inhibitory Activity at 10E-5 M concentration";"B";"BAO_0000357";"single protein format";"Oryctolagus cuniculus";"None";"None";"None";"None";"";"";"";"CHEMBL3567";"Aldose reductase";"Oryctolagus cuniculus";"SINGLE PROTEIN";"CHEMBL1121566";"1";"Scientific Literature";"J. Med. Chem.";"1980";"None";""
"CHEMBL23346";"";"0";"389.43";"0";"2.92";"10";"CC(C)CN(C)S(=O)(=O)c1ccc2oc3ccc(C(=O)O)cc3c(=O)c2c1";"Inhibition";"'='";"95.0";"%";"";"";"";"UO_0000187";"";"";"";"";"0";"CHEMBL642963";"Percent inhibition of rabbit lens aldose reductase in vitro at 10E-4 M concentration";"B";"BAO_0000357";"single protein format";"Oryctolagus cuniculus";"None";"None";"None";"None";"";"";"";"CHEMBL3567";"Aldose reductase";"Oryctolagus cuniculus";"SINGLE PROTEIN";"CHEMBL1121566";"1";"Scientific Literature";"J. Med. Chem.";"1980";"None";""
"CHEMBL277000";"";"0";"348.33";"0";"1.41";"22";"O=C(O)c1ccc2oc3ccc(S(=O)(=O)CCO)cc3c(=O)c2c1";"Inhibition";"'='";"50.0";"%";"";"";"";"UO_0000187";"";"";"";"";"0";"CHEMBL642958";"Antiallergic agent with Aldose reductase Inhibitory Activity at 10E-6 M concentration";"B";"BAO_0000357";"single protein format";"Oryctolagus cuniculus";"None";"None";"None";"None";"";"";"";"CHEMBL3567";"Aldose reductase";"Oryctolagus cuniculus";"SINGLE PROTEIN";"CHEMBL1121566";"1";"Scientific Literature";"J. Med. Chem.";"1980";"None";""
"CHEMBL284014";"";"0";"298.29";"0";"3.35";"27";"COC(C)c1ccc2oc3ccc(C(=O)O)cc3c(=O)c2c1";"Inhibition";"'='";"70.0";"%";"";"";"";"UO_0000187";"";"";"";"";"0";"CHEMBL642963";"Percent inhibition of rabbit lens aldose reductase in vitro at 10E-4 M concentration";"B";"BAO_0000357";"single protein format";"Oryctolagus cuniculus";"None";"None";"None";"None";"";"";"";"CHEMBL3567";"Aldose reductase";"Oryctolagus cuniculus";"SINGLE PROTEIN";"CHEMBL1121566";"1";"Scientific Literature";"J. Med. Chem.";"1980";"None";""
"CHEMBL278784";"";"0";"389.39";"0";"1.67";"12";"O=C(O)c1ccc2oc3ccc(S(=O)(=O)N4CCOCC4)cc3c(=O)c2c1";"Inhibition";"'='";"6.0";"%";"";"";"";"UO_0000187";"";"";"";"";"0";"CHEMBL642957";"Antiallergic agent with Aldose reductase Inhibitory Activity at 10E-5 M concentration";"B";"BAO_0000357";"single protein format";"Oryctolagus cuniculus";"None";"None";"None";"None";"";"";"";"CHEMBL3567";"Aldose reductase";"Oryctolagus cuniculus";"SINGLE PROTEIN";"CHEMBL1121566";"1";"Scientific Literature";"J. Med. Chem.";"1980";"None";""
"CHEMBL23892";"";"0";"373.39";"0";"2.43";"11";"O=C(O)c1ccc2oc3ccc(S(=O)(=O)N4CCCC4)cc3c(=O)c2c1";"Inhibition";"'='";"85.0";"%";"";"";"";"UO_0000187";"";"";"";"";"0";"CHEMBL642963";"Percent inhibition of rabbit lens aldose reductase in vitro at 10E-4 M concentration";"B";"BAO_0000357";"single protein format";"Oryctolagus cuniculus";"None";"None";"None";"None";"";"";"";"CHEMBL3567";"Aldose reductase";"Oryctolagus cuniculus";"SINGLE PROTEIN";"CHEMBL1121566";"1";"Scientific Literature";"J. Med. Chem.";"1980";"None";""
"CHEMBL279456";"";"0";"320.28";"0";"1.89";"3";"O=C(O)c1ccc2oc3ccc(S(=O)(=O)O)cc3c(=O)c2c1";"Inhibition";"'='";"70.0";"%";"";"";"";"UO_0000187";"";"";"";"";"0";"CHEMBL642963";"Percent inhibition of rabbit lens aldose reductase in vitro at 10E-4 M concentration";"B";"BAO_0000357";"single protein format";"Oryctolagus cuniculus";"None";"None";"None";"None";"";"";"";"CHEMBL3567";"Aldose reductase";"Oryctolagus cuniculus";"SINGLE PROTEIN";"CHEMBL1121566";"1";"Scientific Literature";"J. Med. Chem.";"1980";"None";""
"CHEMBL282049";"";"0";"316.33";"0";"2.73";"17";"O=C(O)c1ccc2oc3ccc(SCCO)cc3c(=O)c2c1";"Inhibition";"'='";"7.0";"%";"";"";"";"UO_0000187";"";"";"";"";"0";"CHEMBL642958";"Antiallergic agent with Aldose reductase Inhibitory Activity at 10E-6 M concentration";"B";"BAO_0000357";"single protein format";"Oryctolagus cuniculus";"None";"None";"None";"None";"";"";"";"CHEMBL3567";"Aldose reductase";"Oryctolagus cuniculus";"SINGLE PROTEIN";"CHEMBL1121566";"1";"Scientific Literature";"J. Med. Chem.";"1980";"None";""
"CHEMBL282245";"";"0";"347.35";"0";"1.89";"6";"CN(C)S(=O)(=O)c1ccc2oc3ccc(C(=O)O)cc3c(=O)c2c1";"Inhibition";"'='";"94.0";"%";"";"";"";"UO_0000187";"";"";"";"";"0";"CHEMBL642963";"Percent inhibition of rabbit lens aldose reductase in vitro at 10E-4 M concentration";"B";"BAO_0000357";"single protein format";"Oryctolagus cuniculus";"None";"None";"None";"None";"";"";"";"CHEMBL3567";"Aldose reductase";"Oryctolagus cuniculus";"SINGLE PROTEIN";"CHEMBL1121566";"1";"Scientific Literature";"J. Med. Chem.";"1980";"None";""
"CHEMBL23557";"";"0";"361.38";"0";"2.33";"8";"CC(C)NS(=O)(=O)c1ccc2oc3ccc(C(=O)O)cc3c(=O)c2c1";"Inhibition";"'='";"0.0";"%";"";"";"";"UO_0000187";"";"";"";"";"0";"CHEMBL642958";"Antiallergic agent with Aldose reductase Inhibitory Activity at 10E-6 M concentration";"B";"BAO_0000357";"single protein format";"Oryctolagus cuniculus";"None";"None";"None";"None";"";"";"";"CHEMBL3567";"Aldose reductase";"Oryctolagus cuniculus";"SINGLE PROTEIN";"CHEMBL1121566";"1";"Scientific Literature";"J. Med. Chem.";"1980";"None";""
"CHEMBL25660";"";"0";"332.33";"0";"1.74";"21";"O=C(O)c1ccc2oc3ccc([S+]([O-])CCO)cc3c(=O)c2c1";"Inhibition";"'='";"50.0";"%";"";"";"";"UO_0000187";"";"";"";"";"0";"CHEMBL642957";"Antiallergic agent with Aldose reductase Inhibitory Activity at 10E-5 M concentration";"B";"BAO_0000357";"single protein format";"Oryctolagus cuniculus";"None";"None";"None";"None";"";"";"";"CHEMBL3567";"Aldose reductase";"Oryctolagus cuniculus";"SINGLE PROTEIN";"CHEMBL1121566";"1";"Scientific Literature";"J. Med. Chem.";"1980";"None";""
"CHEMBL284014";"";"0";"298.29";"0";"3.35";"27";"COC(C)c1ccc2oc3ccc(C(=O)O)cc3c(=O)c2c1";"Inhibition";"'='";"0.0";"%";"";"";"";"UO_0000187";"";"";"";"";"0";"CHEMBL642958";"Antiallergic agent with Aldose reductase Inhibitory Activity at 10E-6 M concentration";"B";"BAO_0000357";"single protein format";"Oryctolagus cuniculus";"None";"None";"None";"None";"";"";"";"CHEMBL3567";"Aldose reductase";"Oryctolagus cuniculus";"SINGLE PROTEIN";"CHEMBL1121566";"1";"Scientific Literature";"J. Med. Chem.";"1980";"None";""
"CHEMBL282245";"";"0";"347.35";"0";"1.89";"6";"CN(C)S(=O)(=O)c1ccc2oc3ccc(C(=O)O)cc3c(=O)c2c1";"Inhibition";"'='";"87.0";"%";"";"";"";"UO_0000187";"";"";"";"";"0";"CHEMBL642957";"Antiallergic agent with Aldose reductase Inhibitory Activity at 10E-5 M concentration";"B";"BAO_0000357";"single protein format";"Oryctolagus cuniculus";"None";"None";"None";"None";"";"";"";"CHEMBL3567";"Aldose reductase";"Oryctolagus cuniculus";"SINGLE PROTEIN";"CHEMBL1121566";"1";"Scientific Literature";"J. Med. Chem.";"1980";"None";""
"CHEMBL25042";"";"0";"330.29";"0";"1.38";"29";"O=C(O)c1ccc2oc3ccc(OCC(O)CO)cc3c(=O)c2c1";"Inhibition";"'='";"8.0";"%";"";"";"";"UO_0000187";"";"";"";"";"0";"CHEMBL642958";"Antiallergic agent with Aldose reductase Inhibitory Activity at 10E-6 M concentration";"B";"BAO_0000357";"single protein format";"Oryctolagus cuniculus";"None";"None";"None";"None";"";"";"";"CHEMBL3567";"Aldose reductase";"Oryctolagus cuniculus";"SINGLE PROTEIN";"CHEMBL1121566";"1";"Scientific Literature";"J. Med. Chem.";"1980";"None";""
"CHEMBL23760";"";"0";"240.21";"0";"2.64";"1";"O=C(O)c1ccc2oc3ccccc3c(=O)c2c1";"Inhibition";"'='";"10.0";"%";"";"";"";"UO_0000187";"";"";"";"";"0";"CHEMBL642957";"Antiallergic agent with Aldose reductase Inhibitory Activity at 10E-5 M concentration";"B";"BAO_0000357";"single protein format";"Oryctolagus cuniculus";"None";"None";"None";"None";"";"";"";"CHEMBL3567";"Aldose reductase";"Oryctolagus cuniculus";"SINGLE PROTEIN";"CHEMBL1121566";"1";"Scientific Literature";"J. Med. Chem.";"1980";"None";""
"CHEMBL23760";"";"0";"240.21";"0";"2.64";"1";"O=C(O)c1ccc2oc3ccccc3c(=O)c2c1";"Inhibition";"'='";"0.0";"%";"";"";"";"UO_0000187";"";"";"";"";"0";"CHEMBL642958";"Antiallergic agent with Aldose reductase Inhibitory Activity at 10E-6 M concentration";"B";"BAO_0000357";"single protein format";"Oryctolagus cuniculus";"None";"None";"None";"None";"";"";"";"CHEMBL3567";"Aldose reductase";"Oryctolagus cuniculus";"SINGLE PROTEIN";"CHEMBL1121566";"1";"Scientific Literature";"J. Med. Chem.";"1980";"None";""
"CHEMBL284014";"";"0";"298.29";"0";"3.35";"27";"COC(C)c1ccc2oc3ccc(C(=O)O)cc3c(=O)c2c1";"Inhibition";"'='";"6.0";"%";"";"";"";"UO_0000187";"";"";"";"";"0";"CHEMBL642957";"Antiallergic agent with Aldose reductase Inhibitory Activity at 10E-5 M concentration";"B";"BAO_0000357";"single protein format";"Oryctolagus cuniculus";"None";"None";"None";"None";"";"";"";"CHEMBL3567";"Aldose reductase";"Oryctolagus cuniculus";"SINGLE PROTEIN";"CHEMBL1121566";"1";"Scientific Literature";"J. Med. Chem.";"1980";"None";""
"CHEMBL282026";"";"0";"375.40";"0";"2.67";"9";"CC(C)N(C)S(=O)(=O)c1ccc2oc3ccc(C(=O)O)cc3c(=O)c2c1";"Inhibition";"'='";"69.0";"%";"";"";"";"UO_0000187";"";"";"";"";"0";"CHEMBL642957";"Antiallergic agent with Aldose reductase Inhibitory Activity at 10E-5 M concentration";"B";"BAO_0000357";"single protein format";"Oryctolagus cuniculus";"None";"None";"None";"None";"";"";"";"CHEMBL3567";"Aldose reductase";"Oryctolagus cuniculus";"SINGLE PROTEIN";"CHEMBL1121566";"1";"Scientific Literature";"J. Med. Chem.";"1980";"None";""
"CHEMBL282049";"";"0";"316.33";"0";"2.73";"17";"O=C(O)c1ccc2oc3ccc(SCCO)cc3c(=O)c2c1";"Inhibition";"'='";"93.0";"%";"";"";"";"UO_0000187";"";"";"";"";"0";"CHEMBL642963";"Percent inhibition of rabbit lens aldose reductase in vitro at 10E-4 M concentration";"B";"BAO_0000357";"single protein format";"Oryctolagus cuniculus";"None";"None";"None";"None";"";"";"";"CHEMBL3567";"Aldose reductase";"Oryctolagus cuniculus";"SINGLE PROTEIN";"CHEMBL1121566";"1";"Scientific Literature";"J. Med. Chem.";"1980";"None";""
"CHEMBL23557";"";"0";"361.38";"0";"2.33";"8";"CC(C)NS(=O)(=O)c1ccc2oc3ccc(C(=O)O)cc3c(=O)c2c1";"Inhibition";"'='";"30.0";"%";"";"";"";"UO_0000187";"";"";"";"";"0";"CHEMBL642957";"Antiallergic agent with Aldose reductase Inhibitory Activity at 10E-5 M concentration";"B";"BAO_0000357";"single protein format";"Oryctolagus cuniculus";"None";"None";"None";"None";"";"";"";"CHEMBL3567";"Aldose reductase";"Oryctolagus cuniculus";"SINGLE PROTEIN";"CHEMBL1121566";"1";"Scientific Literature";"J. Med. Chem.";"1980";"None";""
"CHEMBL23567";"";"0";"377.37";"0";"1.26";"14";"CN(CCO)S(=O)(=O)c1ccc2oc3ccc(C(=O)O)cc3c(=O)c2c1";"Inhibition";"'='";"96.0";"%";"";"";"";"UO_0000187";"";"";"";"";"0";"CHEMBL642957";"Antiallergic agent with Aldose reductase Inhibitory Activity at 10E-5 M concentration";"B";"BAO_0000357";"single protein format";"Oryctolagus cuniculus";"None";"None";"None";"None";"";"";"";"CHEMBL3567";"Aldose reductase";"Oryctolagus cuniculus";"SINGLE PROTEIN";"CHEMBL1121566";"1";"Scientific Literature";"J. Med. Chem.";"1980";"None";""
"CHEMBL23346";"";"0";"389.43";"0";"2.92";"10";"CC(C)CN(C)S(=O)(=O)c1ccc2oc3ccc(C(=O)O)cc3c(=O)c2c1";"Inhibition";"'='";"25.0";"%";"";"";"";"UO_0000187";"";"";"";"";"0";"CHEMBL642958";"Antiallergic agent with Aldose reductase Inhibitory Activity at 10E-6 M concentration";"B";"BAO_0000357";"single protein format";"Oryctolagus cuniculus";"None";"None";"None";"None";"";"";"";"CHEMBL3567";"Aldose reductase";"Oryctolagus cuniculus";"SINGLE PROTEIN";"CHEMBL1121566";"1";"Scientific Literature";"J. Med. Chem.";"1980";"None";""
"CHEMBL23177";"";"0";"363.35";"0";"0.92";"13";"O=C(O)c1ccc2oc3ccc(S(=O)(=O)NCCO)cc3c(=O)c2c1";"Inhibition";"'='";"38.0";"%";"";"";"";"UO_0000187";"";"";"";"";"0";"CHEMBL642957";"Antiallergic agent with Aldose reductase Inhibitory Activity at 10E-5 M concentration";"B";"BAO_0000357";"single protein format";"Oryctolagus cuniculus";"None";"None";"None";"None";"";"";"";"CHEMBL3567";"Aldose reductase";"Oryctolagus cuniculus";"SINGLE PROTEIN";"CHEMBL1121566";"1";"Scientific Literature";"J. Med. Chem.";"1980";"None";""
"CHEMBL25660";"";"0";"332.33";"0";"1.74";"21";"O=C(O)c1ccc2oc3ccc([S+]([O-])CCO)cc3c(=O)c2c1";"Inhibition";"'='";"17.0";"%";"";"";"";"UO_0000187";"";"";"";"";"0";"CHEMBL642958";"Antiallergic agent with Aldose reductase Inhibitory Activity at 10E-6 M concentration";"B";"BAO_0000357";"single protein format";"Oryctolagus cuniculus";"None";"None";"None";"None";"";"";"";"CHEMBL3567";"Aldose reductase";"Oryctolagus cuniculus";"SINGLE PROTEIN";"CHEMBL1121566";"1";"Scientific Literature";"J. Med. Chem.";"1980";"None";""
"CHEMBL278784";"";"0";"389.39";"0";"1.67";"12";"O=C(O)c1ccc2oc3ccc(S(=O)(=O)N4CCOCC4)cc3c(=O)c2c1";"Inhibition";"'='";"76.0";"%";"";"";"";"UO_0000187";"";"";"";"";"0";"CHEMBL642963";"Percent inhibition of rabbit lens aldose reductase in vitro at 10E-4 M concentration";"B";"BAO_0000357";"single protein format";"Oryctolagus cuniculus";"None";"None";"None";"None";"";"";"";"CHEMBL3567";"Aldose reductase";"Oryctolagus cuniculus";"SINGLE PROTEIN";"CHEMBL1121566";"1";"Scientific Literature";"J. Med. Chem.";"1980";"None";""
"CHEMBL50";"QUERCETIN";"3";"302.24";"0";"1.99";"27";"O=c1c(O)c(-c2ccc(O)c(O)c2)oc2cc(O)cc(O)c12";"Inhibition";"'='";"9.0";"%";"";"";"";"UO_0000187";"";"";"";"";"0";"CHEMBL642958";"Antiallergic agent with Aldose reductase Inhibitory Activity at 10E-6 M concentration";"B";"BAO_0000357";"single protein format";"Oryctolagus cuniculus";"None";"None";"None";"None";"";"";"";"CHEMBL3567";"Aldose reductase";"Oryctolagus cuniculus";"SINGLE PROTEIN";"CHEMBL1121566";"1";"Scientific Literature";"J. Med. Chem.";"1980";"None";""
"CHEMBL25042";"";"0";"330.29";"0";"1.38";"29";"O=C(O)c1ccc2oc3ccc(OCC(O)CO)cc3c(=O)c2c1";"Inhibition";"'='";"88.0";"%";"";"";"";"UO_0000187";"";"";"";"";"0";"CHEMBL642963";"Percent inhibition of rabbit lens aldose reductase in vitro at 10E-4 M concentration";"B";"BAO_0000357";"single protein format";"Oryctolagus cuniculus";"None";"None";"None";"None";"";"";"";"CHEMBL3567";"Aldose reductase";"Oryctolagus cuniculus";"SINGLE PROTEIN";"CHEMBL1121566";"1";"Scientific Literature";"J. Med. Chem.";"1980";"None";""
"CHEMBL23567";"";"0";"377.37";"0";"1.26";"14";"CN(CCO)S(=O)(=O)c1ccc2oc3ccc(C(=O)O)cc3c(=O)c2c1";"Inhibition";"'='";"100.0";"%";"";"";"";"UO_0000187";"";"";"";"";"0";"CHEMBL642963";"Percent inhibition of rabbit lens aldose reductase in vitro at 10E-4 M concentration";"B";"BAO_0000357";"single protein format";"Oryctolagus cuniculus";"None";"None";"None";"None";"";"";"";"CHEMBL3567";"Aldose reductase";"Oryctolagus cuniculus";"SINGLE PROTEIN";"CHEMBL1121566";"1";"Scientific Literature";"J. Med. Chem.";"1980";"None";""
"CHEMBL22488";"";"0";"346.36";"0";"2.40";"23";"COCC[S+]([O-])c1ccc2oc3ccc(C(=O)O)cc3c(=O)c2c1";"Inhibition";"'='";"4.0";"%";"";"";"";"UO_0000187";"";"";"";"";"0";"CHEMBL642958";"Antiallergic agent with Aldose reductase Inhibitory Activity at 10E-6 M concentration";"B";"BAO_0000357";"single protein format";"Oryctolagus cuniculus";"None";"None";"None";"None";"";"";"";"CHEMBL3567";"Aldose reductase";"Oryctolagus cuniculus";"SINGLE PROTEIN";"CHEMBL1121566";"1";"Scientific Literature";"J. Med. Chem.";"1980";"None";""
"CHEMBL23892";"";"0";"373.39";"0";"2.43";"11";"O=C(O)c1ccc2oc3ccc(S(=O)(=O)N4CCCC4)cc3c(=O)c2c1";"Inhibition";"'='";"46.0";"%";"";"";"";"UO_0000187";"";"";"";"";"0";"CHEMBL642957";"Antiallergic agent with Aldose reductase Inhibitory Activity at 10E-5 M concentration";"B";"BAO_0000357";"single protein format";"Oryctolagus cuniculus";"None";"None";"None";"None";"";"";"";"CHEMBL3567";"Aldose reductase";"Oryctolagus cuniculus";"SINGLE PROTEIN";"CHEMBL1121566";"1";"Scientific Literature";"J. Med. Chem.";"1980";"None";""
"CHEMBL280952";"";"0";"361.38";"0";"2.28";"7";"CCN(C)S(=O)(=O)c1ccc2oc3ccc(C(=O)O)cc3c(=O)c2c1";"Inhibition";"'='";"92.0";"%";"";"";"";"UO_0000187";"";"";"";"";"0";"CHEMBL642963";"Percent inhibition of rabbit lens aldose reductase in vitro at 10E-4 M concentration";"B";"BAO_0000357";"single protein format";"Oryctolagus cuniculus";"None";"None";"None";"None";"";"";"";"CHEMBL3567";"Aldose reductase";"Oryctolagus cuniculus";"SINGLE PROTEIN";"CHEMBL1121566";"1";"Scientific Literature";"J. Med. Chem.";"1980";"None";""
"CHEMBL23645";"";"0";"319.29";"0";"1.29";"4";"NS(=O)(=O)c1ccc2oc3ccc(C(=O)O)cc3c(=O)c2c1";"Inhibition";"'='";"20.0";"%";"";"";"";"UO_0000187";"";"";"";"";"0";"CHEMBL642957";"Antiallergic agent with Aldose reductase Inhibitory Activity at 10E-5 M concentration";"B";"BAO_0000357";"single protein format";"Oryctolagus cuniculus";"None";"None";"None";"None";"";"";"";"CHEMBL3567";"Aldose reductase";"Oryctolagus cuniculus";"SINGLE PROTEIN";"CHEMBL1121566";"1";"Scientific Literature";"J. Med. Chem.";"1980";"None";""
"CHEMBL278784";"";"0";"389.39";"0";"1.67";"12";"O=C(O)c1ccc2oc3ccc(S(=O)(=O)N4CCOCC4)cc3c(=O)c2c1";"Inhibition";"'='";"0.0";"%";"";"";"";"UO_0000187";"";"";"";"";"0";"CHEMBL642958";"Antiallergic agent with Aldose reductase Inhibitory Activity at 10E-6 M concentration";"B";"BAO_0000357";"single protein format";"Oryctolagus cuniculus";"None";"None";"None";"None";"";"";"";"CHEMBL3567";"Aldose reductase";"Oryctolagus cuniculus";"SINGLE PROTEIN";"CHEMBL1121566";"1";"Scientific Literature";"J. Med. Chem.";"1980";"None";""
"CHEMBL23771";"TIXANOX";"0";"302.31";"0";"2.38";"24";"C[S+]([O-])c1ccc2oc3ccc(C(=O)O)cc3c(=O)c2c1";"Inhibition";"'='";"63.0";"%";"";"";"";"UO_0000187";"";"";"";"";"0";"CHEMBL642963";"Percent inhibition of rabbit lens aldose reductase in vitro at 10E-4 M concentration";"B";"BAO_0000357";"single protein format";"Oryctolagus cuniculus";"None";"None";"None";"None";"";"";"";"CHEMBL3567";"Aldose reductase";"Oryctolagus cuniculus";"SINGLE PROTEIN";"CHEMBL1121566";"1";"Scientific Literature";"J. Med. Chem.";"1980";"None";""
"CHEMBL279456";"";"0";"320.28";"0";"1.89";"3";"O=C(O)c1ccc2oc3ccc(S(=O)(=O)O)cc3c(=O)c2c1";"Inhibition";"'='";"0.0";"%";"";"";"";"UO_0000187";"";"";"";"";"0";"CHEMBL642958";"Antiallergic agent with Aldose reductase Inhibitory Activity at 10E-6 M concentration";"B";"BAO_0000357";"single protein format";"Oryctolagus cuniculus";"None";"None";"None";"None";"";"";"";"CHEMBL3567";"Aldose reductase";"Oryctolagus cuniculus";"SINGLE PROTEIN";"CHEMBL1121566";"1";"Scientific Literature";"J. Med. Chem.";"1980";"None";""
"CHEMBL282049";"";"0";"316.33";"0";"2.73";"17";"O=C(O)c1ccc2oc3ccc(SCCO)cc3c(=O)c2c1";"Inhibition";"'='";"65.0";"%";"";"";"";"UO_0000187";"";"";"";"";"0";"CHEMBL642957";"Antiallergic agent with Aldose reductase Inhibitory Activity at 10E-5 M concentration";"B";"BAO_0000357";"single protein format";"Oryctolagus cuniculus";"None";"None";"None";"None";"";"";"";"CHEMBL3567";"Aldose reductase";"Oryctolagus cuniculus";"SINGLE PROTEIN";"CHEMBL1121566";"1";"Scientific Literature";"J. Med. Chem.";"1980";"None";""
"CHEMBL23760";"";"0";"240.21";"0";"2.64";"1";"O=C(O)c1ccc2oc3ccccc3c(=O)c2c1";"Inhibition";"'='";"20.0";"%";"";"";"";"UO_0000187";"";"";"";"";"0";"CHEMBL642963";"Percent inhibition of rabbit lens aldose reductase in vitro at 10E-4 M concentration";"B";"BAO_0000357";"single protein format";"Oryctolagus cuniculus";"None";"None";"None";"None";"";"";"";"CHEMBL3567";"Aldose reductase";"Oryctolagus cuniculus";"SINGLE PROTEIN";"CHEMBL1121566";"1";"Scientific Literature";"J. Med. Chem.";"1980";"None";""
"CHEMBL23177";"";"0";"363.35";"0";"0.92";"13";"O=C(O)c1ccc2oc3ccc(S(=O)(=O)NCCO)cc3c(=O)c2c1";"Inhibition";"'='";"0.0";"%";"";"";"";"UO_0000187";"";"";"";"";"0";"CHEMBL642958";"Antiallergic agent with Aldose reductase Inhibitory Activity at 10E-6 M concentration";"B";"BAO_0000357";"single protein format";"Oryctolagus cuniculus";"None";"None";"None";"None";"";"";"";"CHEMBL3567";"Aldose reductase";"Oryctolagus cuniculus";"SINGLE PROTEIN";"CHEMBL1121566";"1";"Scientific Literature";"J. Med. Chem.";"1980";"None";""
"CHEMBL25660";"";"0";"332.33";"0";"1.74";"21";"O=C(O)c1ccc2oc3ccc([S+]([O-])CCO)cc3c(=O)c2c1";"Inhibition";"'='";"87.0";"%";"";"";"";"UO_0000187";"";"";"";"";"0";"CHEMBL642963";"Percent inhibition of rabbit lens aldose reductase in vitro at 10E-4 M concentration";"B";"BAO_0000357";"single protein format";"Oryctolagus cuniculus";"None";"None";"None";"None";"";"";"";"CHEMBL3567";"Aldose reductase";"Oryctolagus cuniculus";"SINGLE PROTEIN";"CHEMBL1121566";"1";"Scientific Literature";"J. Med. Chem.";"1980";"None";""
"CHEMBL23763";"";"0";"333.32";"0";"1.55";"5";"CNS(=O)(=O)c1ccc2oc3ccc(C(=O)O)cc3c(=O)c2c1";"Inhibition";"'='";"25.0";"%";"";"";"";"UO_0000187";"";"";"";"";"0";"CHEMBL642958";"Antiallergic agent with Aldose reductase Inhibitory Activity at 10E-6 M concentration";"B";"BAO_0000357";"single protein format";"Oryctolagus cuniculus";"None";"None";"None";"None";"";"";"";"CHEMBL3567";"Aldose reductase";"Oryctolagus cuniculus";"SINGLE PROTEIN";"CHEMBL1121566";"1";"Scientific Literature";"J. Med. Chem.";"1980";"None";""
"CHEMBL23763";"";"0";"333.32";"0";"1.55";"5";"CNS(=O)(=O)c1ccc2oc3ccc(C(=O)O)cc3c(=O)c2c1";"Inhibition";"'='";"75.0";"%";"";"";"";"UO_0000187";"";"";"";"";"0";"CHEMBL642963";"Percent inhibition of rabbit lens aldose reductase in vitro at 10E-4 M concentration";"B";"BAO_0000357";"single protein format";"Oryctolagus cuniculus";"None";"None";"None";"None";"";"";"";"CHEMBL3567";"Aldose reductase";"Oryctolagus cuniculus";"SINGLE PROTEIN";"CHEMBL1121566";"1";"Scientific Literature";"J. Med. Chem.";"1980";"None";""
"CHEMBL23892";"";"0";"373.39";"0";"2.43";"11";"O=C(O)c1ccc2oc3ccc(S(=O)(=O)N4CCCC4)cc3c(=O)c2c1";"Inhibition";"'='";"0.0";"%";"";"";"";"UO_0000187";"";"";"";"";"0";"CHEMBL642958";"Antiallergic agent with Aldose reductase Inhibitory Activity at 10E-6 M concentration";"B";"BAO_0000357";"single protein format";"Oryctolagus cuniculus";"None";"None";"None";"None";"";"";"";"CHEMBL3567";"Aldose reductase";"Oryctolagus cuniculus";"SINGLE PROTEIN";"CHEMBL1121566";"1";"Scientific Literature";"J. Med. Chem.";"1980";"None";""
"CHEMBL25042";"";"0";"330.29";"0";"1.38";"29";"O=C(O)c1ccc2oc3ccc(OCC(O)CO)cc3c(=O)c2c1";"Inhibition";"'='";"46.0";"%";"";"";"";"UO_0000187";"";"";"";"";"0";"CHEMBL642957";"Antiallergic agent with Aldose reductase Inhibitory Activity at 10E-5 M concentration";"B";"BAO_0000357";"single protein format";"Oryctolagus cuniculus";"None";"None";"None";"None";"";"";"";"CHEMBL3567";"Aldose reductase";"Oryctolagus cuniculus";"SINGLE PROTEIN";"CHEMBL1121566";"1";"Scientific Literature";"J. Med. Chem.";"1980";"None";""
"CHEMBL22488";"";"0";"346.36";"0";"2.40";"23";"COCC[S+]([O-])c1ccc2oc3ccc(C(=O)O)cc3c(=O)c2c1";"Inhibition";"'='";"65.0";"%";"";"";"";"UO_0000187";"";"";"";"";"0";"CHEMBL642963";"Percent inhibition of rabbit lens aldose reductase in vitro at 10E-4 M concentration";"B";"BAO_0000357";"single protein format";"Oryctolagus cuniculus";"None";"None";"None";"None";"";"";"";"CHEMBL3567";"Aldose reductase";"Oryctolagus cuniculus";"SINGLE PROTEIN";"CHEMBL1121566";"1";"Scientific Literature";"J. Med. Chem.";"1980";"None";""
"CHEMBL22488";"";"0";"346.36";"0";"2.40";"23";"COCC[S+]([O-])c1ccc2oc3ccc(C(=O)O)cc3c(=O)c2c1";"Inhibition";"'='";"12.0";"%";"";"";"";"UO_0000187";"";"";"";"";"0";"CHEMBL642957";"Antiallergic agent with Aldose reductase Inhibitory Activity at 10E-5 M concentration";"B";"BAO_0000357";"single protein format";"Oryctolagus cuniculus";"None";"None";"None";"None";"";"";"";"CHEMBL3567";"Aldose reductase";"Oryctolagus cuniculus";"SINGLE PROTEIN";"CHEMBL1121566";"1";"Scientific Literature";"J. Med. Chem.";"1980";"None";""
"CHEMBL279662";"";"0";"407.40";"0";"0.62";"15";"O=C(O)c1ccc2oc3ccc(S(=O)(=O)N(CCO)CCO)cc3c(=O)c2c1";"Inhibition";"'='";"49.0";"%";"";"";"";"UO_0000187";"";"";"";"";"0";"CHEMBL642957";"Antiallergic agent with Aldose reductase Inhibitory Activity at 10E-5 M concentration";"B";"BAO_0000357";"single protein format";"Oryctolagus cuniculus";"None";"None";"None";"None";"";"";"";"CHEMBL3567";"Aldose reductase";"Oryctolagus cuniculus";"SINGLE PROTEIN";"CHEMBL1121566";"1";"Scientific Literature";"J. Med. Chem.";"1980";"None";""
"CHEMBL23567";"";"0";"377.37";"0";"1.26";"14";"CN(CCO)S(=O)(=O)c1ccc2oc3ccc(C(=O)O)cc3c(=O)c2c1";"Inhibition";"'='";"83.0";"%";"";"";"";"UO_0000187";"";"";"";"";"0";"CHEMBL642958";"Antiallergic agent with Aldose reductase Inhibitory Activity at 10E-6 M concentration";"B";"BAO_0000357";"single protein format";"Oryctolagus cuniculus";"None";"None";"None";"None";"";"";"";"CHEMBL3567";"Aldose reductase";"Oryctolagus cuniculus";"SINGLE PROTEIN";"CHEMBL1121566";"1";"Scientific Literature";"J. Med. Chem.";"1980";"None";""
"CHEMBL23177";"";"0";"363.35";"0";"0.92";"13";"O=C(O)c1ccc2oc3ccc(S(=O)(=O)NCCO)cc3c(=O)c2c1";"Inhibition";"'='";"79.0";"%";"";"";"";"UO_0000187";"";"";"";"";"0";"CHEMBL642963";"Percent inhibition of rabbit lens aldose reductase in vitro at 10E-4 M concentration";"B";"BAO_0000357";"single protein format";"Oryctolagus cuniculus";"None";"None";"None";"None";"";"";"";"CHEMBL3567";"Aldose reductase";"Oryctolagus cuniculus";"SINGLE PROTEIN";"CHEMBL1121566";"1";"Scientific Literature";"J. Med. Chem.";"1980";"None";""
"CHEMBL50";"QUERCETIN";"3";"302.24";"0";"1.99";"5";"O=c1c(O)c(-c2ccc(O)c(O)c2)oc2cc(O)cc(O)c12";"Inhibition";"'='";"52.0";"%";"";"";"";"UO_0000187";"";"";"";"";"0";"CHEMBL642957";"Antiallergic agent with Aldose reductase Inhibitory Activity at 10E-5 M concentration";"B";"BAO_0000357";"single protein format";"Oryctolagus cuniculus";"None";"None";"None";"None";"";"";"";"CHEMBL3567";"Aldose reductase";"Oryctolagus cuniculus";"SINGLE PROTEIN";"CHEMBL1121566";"1";"Scientific Literature";"J. Med. Chem.";"1980";"None";""
"CHEMBL279456";"";"0";"320.28";"0";"1.89";"3";"O=C(O)c1ccc2oc3ccc(S(=O)(=O)O)cc3c(=O)c2c1";"Inhibition";"'='";"43.0";"%";"";"";"";"UO_0000187";"";"";"";"";"0";"CHEMBL642957";"Antiallergic agent with Aldose reductase Inhibitory Activity at 10E-5 M concentration";"B";"BAO_0000357";"single protein format";"Oryctolagus cuniculus";"None";"None";"None";"None";"";"";"";"CHEMBL3567";"Aldose reductase";"Oryctolagus cuniculus";"SINGLE PROTEIN";"CHEMBL1121566";"1";"Scientific Literature";"J. Med. Chem.";"1980";"None";""
"CHEMBL25328";"";"0";"284.27";"0";"2.70";"26";"CC(O)c1ccc2oc3ccc(C(=O)O)cc3c(=O)c2c1";"Inhibition";"'='";"50.0";"%";"";"";"";"UO_0000187";"";"";"";"";"0";"CHEMBL642963";"Percent inhibition of rabbit lens aldose reductase in vitro at 10E-4 M concentration";"B";"BAO_0000357";"single protein format";"Oryctolagus cuniculus";"None";"None";"None";"None";"";"";"";"CHEMBL3567";"Aldose reductase";"Oryctolagus cuniculus";"SINGLE PROTEIN";"CHEMBL1121566";"1";"Scientific Literature";"J. Med. Chem.";"1980";"None";""
"CHEMBL23557";"";"0";"361.38";"0";"2.33";"8";"CC(C)NS(=O)(=O)c1ccc2oc3ccc(C(=O)O)cc3c(=O)c2c1";"Inhibition";"'='";"72.0";"%";"";"";"";"UO_0000187";"";"";"";"";"0";"CHEMBL642963";"Percent inhibition of rabbit lens aldose reductase in vitro at 10E-4 M concentration";"B";"BAO_0000357";"single protein format";"Oryctolagus cuniculus";"None";"None";"None";"None";"";"";"";"CHEMBL3567";"Aldose reductase";"Oryctolagus cuniculus";"SINGLE PROTEIN";"CHEMBL1121566";"1";"Scientific Literature";"J. Med. Chem.";"1980";"None";""
"CHEMBL279662";"";"0";"407.40";"0";"0.62";"15";"O=C(O)c1ccc2oc3ccc(S(=O)(=O)N(CCO)CCO)cc3c(=O)c2c1";"Inhibition";"'='";"2.0";"%";"";"";"";"UO_0000187";"";"";"";"";"0";"CHEMBL642958";"Antiallergic agent with Aldose reductase Inhibitory Activity at 10E-6 M concentration";"B";"BAO_0000357";"single protein format";"Oryctolagus cuniculus";"None";"None";"None";"None";"";"";"";"CHEMBL3567";"Aldose reductase";"Oryctolagus cuniculus";"SINGLE PROTEIN";"CHEMBL1121566";"1";"Scientific Literature";"J. Med. Chem.";"1980";"None";""
"CHEMBL23645";"";"0";"319.29";"0";"1.29";"4";"NS(=O)(=O)c1ccc2oc3ccc(C(=O)O)cc3c(=O)c2c1";"Inhibition";"'='";"70.0";"%";"";"";"";"UO_0000187";"";"";"";"";"0";"CHEMBL642963";"Percent inhibition of rabbit lens aldose reductase in vitro at 10E-4 M concentration";"B";"BAO_0000357";"single protein format";"Oryctolagus cuniculus";"None";"None";"None";"None";"";"";"";"CHEMBL3567";"Aldose reductase";"Oryctolagus cuniculus";"SINGLE PROTEIN";"CHEMBL1121566";"1";"Scientific Literature";"J. Med. Chem.";"1980";"None";""
"CHEMBL23645";"";"0";"319.29";"0";"1.29";"4";"NS(=O)(=O)c1ccc2oc3ccc(C(=O)O)cc3c(=O)c2c1";"Inhibition";"'='";"10.0";"%";"";"";"";"UO_0000187";"";"";"";"";"0";"CHEMBL642958";"Antiallergic agent with Aldose reductase Inhibitory Activity at 10E-6 M concentration";"B";"BAO_0000357";"single protein format";"Oryctolagus cuniculus";"None";"None";"None";"None";"";"";"";"CHEMBL3567";"Aldose reductase";"Oryctolagus cuniculus";"SINGLE PROTEIN";"CHEMBL1121566";"1";"Scientific Literature";"J. Med. Chem.";"1980";"None";""
"CHEMBL277000";"";"0";"348.33";"0";"1.41";"22";"O=C(O)c1ccc2oc3ccc(S(=O)(=O)CCO)cc3c(=O)c2c1";"Inhibition";"'='";"96.0";"%";"";"";"";"UO_0000187";"";"";"";"";"0";"CHEMBL642963";"Percent inhibition of rabbit lens aldose reductase in vitro at 10E-4 M concentration";"B";"BAO_0000357";"single protein format";"Oryctolagus cuniculus";"None";"None";"None";"None";"";"";"";"CHEMBL3567";"Aldose reductase";"Oryctolagus cuniculus";"SINGLE PROTEIN";"CHEMBL1121566";"1";"Scientific Literature";"J. Med. Chem.";"1980";"None";""
"CHEMBL279662";"";"0";"407.40";"0";"0.62";"15";"O=C(O)c1ccc2oc3ccc(S(=O)(=O)N(CCO)CCO)cc3c(=O)c2c1";"Inhibition";"'='";"89.0";"%";"";"";"";"UO_0000187";"";"";"";"";"0";"CHEMBL642963";"Percent inhibition of rabbit lens aldose reductase in vitro at 10E-4 M concentration";"B";"BAO_0000357";"single protein format";"Oryctolagus cuniculus";"None";"None";"None";"None";"";"";"";"CHEMBL3567";"Aldose reductase";"Oryctolagus cuniculus";"SINGLE PROTEIN";"CHEMBL1121566";"1";"Scientific Literature";"J. Med. Chem.";"1980";"None";""
"CHEMBL282026";"";"0";"375.40";"0";"2.67";"9";"CC(C)N(C)S(=O)(=O)c1ccc2oc3ccc(C(=O)O)cc3c(=O)c2c1";"Inhibition";"'='";"17.0";"%";"";"";"";"UO_0000187";"";"";"";"";"0";"CHEMBL642958";"Antiallergic agent with Aldose reductase Inhibitory Activity at 10E-6 M concentration";"B";"BAO_0000357";"single protein format";"Oryctolagus cuniculus";"None";"None";"None";"None";"";"";"";"CHEMBL3567";"Aldose reductase";"Oryctolagus cuniculus";"SINGLE PROTEIN";"CHEMBL1121566";"1";"Scientific Literature";"J. Med. Chem.";"1980";"None";""
"CHEMBL277000";"";"0";"348.33";"0";"1.41";"22";"O=C(O)c1ccc2oc3ccc(S(=O)(=O)CCO)cc3c(=O)c2c1";"Inhibition";"'='";"77.0";"%";"";"";"";"UO_0000187";"";"";"";"";"0";"CHEMBL642957";"Antiallergic agent with Aldose reductase Inhibitory Activity at 10E-5 M concentration";"B";"BAO_0000357";"single protein format";"Oryctolagus cuniculus";"None";"None";"None";"None";"";"";"";"CHEMBL3567";"Aldose reductase";"Oryctolagus cuniculus";"SINGLE PROTEIN";"CHEMBL1121566";"1";"Scientific Literature";"J. Med. Chem.";"1980";"None";""
