"Molecule ChEMBL ID";"Molecule Name";"Molecule Max Phase";"Molecular Weight";"#RO5 Violations";"AlogP";"Compound Key";"Smiles";"Standard Type";"Standard Relation";"Standard Value";"Standard Units";"pChEMBL Value";"Data Validity Comment";"Comment";"Uo Units";"Ligand Efficiency BEI";"Ligand Efficiency LE";"Ligand Efficiency LLE";"Ligand Efficiency SEI";"Potential Duplicate";"Assay ChEMBL ID";"Assay Description";"Assay Type";"BAO Format ID";"BAO Label";"Assay Organism";"Assay Tissue ChEMBL ID";"Assay Tissue Name";"Assay Cell Type";"Assay Subcellular Fraction";"Assay Parameters";"Assay Variant Accession";"Assay Variant Mutation";"Target ChEMBL ID";"Target Name";"Target Organism";"Target Type";"Document ChEMBL ID";"Source ID";"Source Description";"Document Journal";"Document Year";"Cell ChEMBL ID";"Properties"
"CHEMBL131906";"";"0";"338.32";"0";"-0.01";"23n";"Nc1ccc(CN2C(=O)c3cccn3C3(CC(=O)NC3=O)C2=O)cc1";"IC50";"'='";"140.0";"nM";"6.85";"";"";"UO_0000065";"20.26";"0.37";"6.86";"5.99";"0";"CHEMBL643203";"In vitro inhibitory activity against aldose reductase in porcine lens.";"B";"BAO_0000357";"single protein format";"None";"None";"None";"None";"None";"";"";"";"CHEMBL4559";"Aldose reductase";"Sus scrofa";"SINGLE PROTEIN";"CHEMBL1131142";"1";"Scientific Literature";"J. Med. Chem.";"1998";"None";""
"CHEMBL133475";"";"0";"357.75";"0";"1.07";"23e";"O=C1CC2(C(=O)N1)C(=O)N(Cc1cccc(Cl)c1)C(=O)c1cccn12";"IC50";"'='";"35.0";"nM";"7.46";"";"";"UO_0000065";"20.84";"0.41";"6.39";"8.43";"0";"CHEMBL643203";"In vitro inhibitory activity against aldose reductase in porcine lens.";"B";"BAO_0000357";"single protein format";"None";"None";"None";"None";"None";"";"";"";"CHEMBL4559";"Aldose reductase";"Sus scrofa";"SINGLE PROTEIN";"CHEMBL1131142";"1";"Scientific Literature";"J. Med. Chem.";"1998";"None";""
"CHEMBL47646";"";"0";"424.43";"0";"4.20";"SG-210";"O=C(O)CC1Sc2ccccc2N(Cc2nc3c(F)c(F)cc(F)c3s2)C1=O";"IC50";"'='";"9.5";"nM";"8.02";"";"";"UO_0000065";"18.90";"0.39";"3.82";"11.38";"0";"CHEMBL643204";"Inhibitory concentration against porcine lens aldose reductase (AR) with DL-glyceraldehyde as the substrate";"B";"BAO_0000357";"single protein format";"None";"None";"None";"None";"None";"";"";"";"CHEMBL4559";"Aldose reductase";"Sus scrofa";"SINGLE PROTEIN";"CHEMBL1130466";"1";"Scientific Literature";"Bioorg. Med. Chem. Lett.";"1997";"None";""
"CHEMBL155275";"";"0";"287.29";"0";"2.50";"22";"O=C(O)c1ccccc1C(=O)NCCc1ccc(F)cc1";"IC50";"'='";"88000.0";"nM";"4.06";"";"";"UO_0000065";"14.12";"0.26";"1.56";"6.11";"0";"CHEMBL642953";"Inhibition of pig kidney aldose reductase (ALR2)";"B";"BAO_0000357";"single protein format";"None";"None";"None";"None";"None";"";"";"";"CHEMBL4559";"Aldose reductase";"Sus scrofa";"SINGLE PROTEIN";"CHEMBL1145936";"1";"Scientific Literature";"J. Med. Chem.";"2003";"None";""
"CHEMBL152730";"";"0";"193.20";"0";"1.49";"32";"O=C(O)CCC(=O)Nc1ccccc1";"IC50";"'='";"192000.0";"nM";"";"Outside typical range";"";"UO_0000065";"";"";"";"";"0";"CHEMBL642953";"Inhibition of pig kidney aldose reductase (ALR2)";"B";"BAO_0000357";"single protein format";"None";"None";"None";"None";"None";"";"";"";"CHEMBL4559";"Aldose reductase";"Sus scrofa";"SINGLE PROTEIN";"CHEMBL1145936";"1";"Scientific Literature";"J. Med. Chem.";"2003";"None";""
"CHEMBL152672";"";"0";"215.21";"0";"1.92";"44";"O=C(O)/C=C/C(=O)n1ccc2ccccc21";"IC50";"'='";"37000.0";"nM";"4.43";"";"";"UO_0000065";"20.59";"0.38";"2.51";"7.47";"0";"CHEMBL642953";"Inhibition of pig kidney aldose reductase (ALR2)";"B";"BAO_0000357";"single protein format";"None";"None";"None";"None";"None";"";"";"";"CHEMBL4559";"Aldose reductase";"Sus scrofa";"SINGLE PROTEIN";"CHEMBL1145936";"1";"Scientific Literature";"J. Med. Chem.";"2003";"None";""
"CHEMBL436";"TOLRESTAT";"4";"357.35";"0";"3.56";"Tolrestat";"COc1ccc2c(C(=S)N(C)CC(=O)O)cccc2c1C(F)(F)F";"IC50";"'='";"16000.0";"nM";"4.80";"";"";"UO_0000065";"13.42";"0.27";"1.24";"9.64";"0";"CHEMBL642953";"Inhibition of pig kidney aldose reductase (ALR2)";"B";"BAO_0000357";"single protein format";"None";"None";"None";"None";"None";"";"";"";"CHEMBL4559";"Aldose reductase";"Sus scrofa";"SINGLE PROTEIN";"CHEMBL1145936";"1";"Scientific Literature";"J. Med. Chem.";"2003";"None";""
"CHEMBL345483";"";"0";"269.73";"0";"2.25";"27";"O=C(O)CCCC(=O)NCCc1ccc(Cl)cc1";"IC50";"'='";"154000.0";"nM";"";"Outside typical range";"";"UO_0000065";"";"";"";"";"0";"CHEMBL642953";"Inhibition of pig kidney aldose reductase (ALR2)";"B";"BAO_0000357";"single protein format";"None";"None";"None";"None";"None";"";"";"";"CHEMBL4559";"Aldose reductase";"Sus scrofa";"SINGLE PROTEIN";"CHEMBL1145936";"1";"Scientific Literature";"J. Med. Chem.";"2003";"None";""
"CHEMBL50";"QUERCETIN";"3";"302.24";"0";"1.99";"quercetin";"O=c1c(O)c(-c2ccc(O)c(O)c2)oc2cc(O)cc(O)c12";"IC50";"'='";"50100.0";"nM";"4.30";"";"";"UO_0000065";"14.23";"0.27";"2.31";"3.27";"0";"CHEMBL989312";"Inhibition of pig lens aldose reductase by spectrophotometry";"B";"BAO_0000357";"single protein format";"Sus scrofa";"None";"None";"None";"None";"";"";"";"CHEMBL4559";"Aldose reductase";"Sus scrofa";"SINGLE PROTEIN";"CHEMBL1158227";"1";"Scientific Literature";"J. Nat. Prod.";"1996";"None";""
"CHEMBL133791";"";"0";"368.31";"0";"0.32";"23m";"O=C1CC2(C(=O)N1)C(=O)N(Cc1ccc([N+](=O)[O-])cc1)C(=O)c1cccn12";"IC50";"'='";"110.0";"nM";"6.96";"";"";"UO_0000065";"18.89";"0.35";"6.64";"5.29";"0";"CHEMBL643203";"In vitro inhibitory activity against aldose reductase in porcine lens.";"B";"BAO_0000357";"single protein format";"None";"None";"None";"None";"None";"";"";"";"CHEMBL4559";"Aldose reductase";"Sus scrofa";"SINGLE PROTEIN";"CHEMBL1131142";"1";"Scientific Literature";"J. Med. Chem.";"1998";"None";""
"CHEMBL46170";"";"0";"351.35";"0";"4.24";"6b";"Cc1cc(CC(=O)O)cc(Cc2nc3c(F)c(F)cc(F)c3s2)c1";"IC50";"'='";"9.6";"nM";"8.02";"";"";"UO_0000065";"22.82";"0.46";"3.78";"15.97";"0";"CHEMBL643204";"Inhibitory concentration against porcine lens aldose reductase (AR) with DL-glyceraldehyde as the substrate";"B";"BAO_0000357";"single protein format";"None";"None";"None";"None";"None";"";"";"";"CHEMBL4559";"Aldose reductase";"Sus scrofa";"SINGLE PROTEIN";"CHEMBL1130466";"1";"Scientific Literature";"Bioorg. Med. Chem. Lett.";"1997";"None";""
"CHEMBL186124";"";"0";"299.76";"0";"3.97";"2";"O=C(O)Cc1cn(Cc2cccc(Cl)c2)c2ccccc12";"IC50";"'='";"14000.0";"nM";"4.85";"";"";"UO_0000065";"16.19";"0.32";"0.88";"11.49";"0";"CHEMBL832432";"Inhibition of aldose reductase from pig lenses";"B";"BAO_0000357";"single protein format";"Sus scrofa";"None";"None";"None";"None";"";"";"";"CHEMBL4559";"Aldose reductase";"Sus scrofa";"SINGLE PROTEIN";"CHEMBL1138775";"1";"Scientific Literature";"J. Med. Chem.";"2004";"None";""
"CHEMBL135624";"";"0";"381.21";"0";"3.38";"18d";"O=C(O)CCC1C(=O)N(Cc2ccc(Cl)c(Cl)c2)C(=O)c2cccn21";"IC50";"'='";"132.0";"nM";"6.88";"";"";"UO_0000065";"18.05";"0.38";"3.50";"8.64";"0";"CHEMBL643203";"In vitro inhibitory activity against aldose reductase in porcine lens.";"B";"BAO_0000357";"single protein format";"None";"None";"None";"None";"None";"";"";"";"CHEMBL4559";"Aldose reductase";"Sus scrofa";"SINGLE PROTEIN";"CHEMBL1131142";"1";"Scientific Literature";"J. Med. Chem.";"1998";"None";""
"CHEMBL457815";"";"0";"448.45";"0";"2.07";"7";"COc1cc(O)c2c(=O)c(OS(=O)(=O)[O-])c(-c3ccc(O)c(OC)c3)oc2c1.[K+]";"IC50";"'='";"30100.0";"nM";"4.52";"";"";"UO_0000065";"11.02";"0.22";"2.45";"2.96";"0";"CHEMBL989312";"Inhibition of pig lens aldose reductase by spectrophotometry";"B";"BAO_0000357";"single protein format";"Sus scrofa";"None";"None";"None";"None";"";"";"";"CHEMBL4559";"Aldose reductase";"Sus scrofa";"SINGLE PROTEIN";"CHEMBL1158227";"1";"Scientific Literature";"J. Nat. Prod.";"1996";"None";""
"CHEMBL250450";"ISOQUERCETIN";"2";"464.38";"2";"-0.54";"8";"O=c1c(O[C@@H]2O[C@H](CO)[C@@H](O)[C@H](O)[C@H]2O)c(-c2ccc(O)c(O)c2)oc2cc(O)cc(O)c12";"IC50";"'='";"16000.0";"nM";"4.80";"";"";"UO_0000065";"10.33";"0.20";"5.34";"2.28";"0";"CHEMBL989312";"Inhibition of pig lens aldose reductase by spectrophotometry";"B";"BAO_0000357";"single protein format";"Sus scrofa";"None";"None";"None";"None";"";"";"";"CHEMBL4559";"Aldose reductase";"Sus scrofa";"SINGLE PROTEIN";"CHEMBL1158227";"1";"Scientific Literature";"J. Nat. Prod.";"1996";"None";""
"CHEMBL152852";"";"0";"221.26";"0";"1.56";"39";"O=C(O)CCCC(=O)NCc1ccccc1";"IC50";"'='";"133000.0";"nM";"";"Outside typical range";"";"UO_0000065";"";"";"";"";"0";"CHEMBL642953";"Inhibition of pig kidney aldose reductase (ALR2)";"B";"BAO_0000357";"single protein format";"None";"None";"None";"None";"None";"";"";"";"CHEMBL4559";"Aldose reductase";"Sus scrofa";"SINGLE PROTEIN";"CHEMBL1145936";"1";"Scientific Literature";"J. Med. Chem.";"2003";"None";""
"CHEMBL152296";"";"0";"319.49";"0";"4.97";"5";"CCCCCCCCCCCC(=O)NCCc1ccc(O)cc1";"IC50";"'='";"110000.0";"nM";"";"Outside typical range";"";"UO_0000065";"";"";"";"";"0";"CHEMBL642953";"Inhibition of pig kidney aldose reductase (ALR2)";"B";"BAO_0000357";"single protein format";"None";"None";"None";"None";"None";"";"";"";"CHEMBL4559";"Aldose reductase";"Sus scrofa";"SINGLE PROTEIN";"CHEMBL1145936";"1";"Scientific Literature";"J. Med. Chem.";"2003";"None";""
"CHEMBL152671";"";"0";"221.26";"0";"1.21";"12";"O=C(O)CCC(=O)NCCc1ccccc1";"IC50";"'='";"78000.0";"nM";"4.11";"";"";"UO_0000065";"18.57";"0.35";"2.90";"6.19";"0";"CHEMBL642953";"Inhibition of pig kidney aldose reductase (ALR2)";"B";"BAO_0000357";"single protein format";"None";"None";"None";"None";"None";"";"";"";"CHEMBL4559";"Aldose reductase";"Sus scrofa";"SINGLE PROTEIN";"CHEMBL1145936";"1";"Scientific Literature";"J. Med. Chem.";"2003";"None";""
"CHEMBL356447";"";"0";"217.22";"0";"2.15";"43";"O=C(O)CCC(=O)n1ccc2ccccc21";"IC50";"'='";"24000.0";"nM";"4.62";"";"";"UO_0000065";"21.27";"0.39";"2.47";"7.79";"0";"CHEMBL642953";"Inhibition of pig kidney aldose reductase (ALR2)";"B";"BAO_0000357";"single protein format";"None";"None";"None";"None";"None";"";"";"";"CHEMBL4559";"Aldose reductase";"Sus scrofa";"SINGLE PROTEIN";"CHEMBL1145936";"1";"Scientific Literature";"J. Med. Chem.";"2003";"None";""
"CHEMBL335004";"";"0";"402.20";"0";"1.17";"23h";"O=C1CC2(C(=O)N1)C(=O)N(Cc1cccc(Br)c1)C(=O)c1cccn12";"IC50";"'='";"37.0";"nM";"7.43";"";"";"UO_0000065";"18.48";"0.41";"6.26";"8.40";"0";"CHEMBL643203";"In vitro inhibitory activity against aldose reductase in porcine lens.";"B";"BAO_0000357";"single protein format";"None";"None";"None";"None";"None";"";"";"";"CHEMBL4559";"Aldose reductase";"Sus scrofa";"SINGLE PROTEIN";"CHEMBL1131142";"1";"Scientific Literature";"J. Med. Chem.";"1998";"None";""
"CHEMBL443545";"";"0";"454.64";"0";"1.97";"31d";"O=C1CC2(C(=O)N1)C(=O)N(Cc1ccc(Br)cc1F)C(=O)c1ccc(Cl)n12";"IC50";"'='";"35.0";"nM";"7.46";"";"";"UO_0000065";"16.40";"0.38";"5.49";"8.43";"0";"CHEMBL643203";"In vitro inhibitory activity against aldose reductase in porcine lens.";"B";"BAO_0000357";"single protein format";"None";"None";"None";"None";"None";"";"";"";"CHEMBL4559";"Aldose reductase";"Sus scrofa";"SINGLE PROTEIN";"CHEMBL1131142";"1";"Scientific Literature";"J. Med. Chem.";"1998";"None";""
"CHEMBL335990";"";"0";"323.31";"0";"0.41";"23a";"O=C1CC2(C(=O)N1)C(=O)N(Cc1ccccc1)C(=O)c1cccn12";"IC50";"'='";"99.0";"nM";"7.00";"";"";"UO_0000065";"21.66";"0.40";"6.59";"7.92";"0";"CHEMBL643203";"In vitro inhibitory activity against aldose reductase in porcine lens.";"B";"BAO_0000357";"single protein format";"None";"None";"None";"None";"None";"";"";"";"CHEMBL4559";"Aldose reductase";"Sus scrofa";"SINGLE PROTEIN";"CHEMBL1131142";"1";"Scientific Literature";"J. Med. Chem.";"1998";"None";""
"CHEMBL359074";"";"0";"221.30";"0";"2.10";"YUA001";"CCC(C)C(=O)NCCc1ccc(O)cc1";"IC50";"'='";"1800000.0";"nM";"";"Outside typical range";"";"UO_0000065";"";"";"";"";"0";"CHEMBL642953";"Inhibition of pig kidney aldose reductase (ALR2)";"B";"BAO_0000357";"single protein format";"None";"None";"None";"None";"None";"";"";"";"CHEMBL4559";"Aldose reductase";"Sus scrofa";"SINGLE PROTEIN";"CHEMBL1145936";"1";"Scientific Literature";"J. Med. Chem.";"2003";"None";""
"CHEMBL134018";"";"0";"375.74";"0";"1.20";"23s";"O=C1CC2(C(=O)N1)C(=O)N(Cc1ccc(Cl)cc1F)C(=O)c1cccn12";"IC50";"'='";"41.0";"nM";"7.39";"";"";"UO_0000065";"19.66";"0.39";"6.19";"8.35";"0";"CHEMBL643203";"In vitro inhibitory activity against aldose reductase in porcine lens.";"B";"BAO_0000357";"single protein format";"None";"None";"None";"None";"None";"";"";"";"CHEMBL4559";"Aldose reductase";"Sus scrofa";"SINGLE PROTEIN";"CHEMBL1131142";"1";"Scientific Literature";"J. Med. Chem.";"1998";"None";""
"CHEMBL335991";"";"0";"337.34";"0";"0.72";"23j";"Cc1ccc(CN2C(=O)c3cccn3C3(CC(=O)NC3=O)C2=O)cc1";"IC50";"'='";"52.0";"nM";"7.28";"";"";"UO_0000065";"21.59";"0.40";"6.56";"8.23";"0";"CHEMBL643203";"In vitro inhibitory activity against aldose reductase in porcine lens.";"B";"BAO_0000357";"single protein format";"None";"None";"None";"None";"None";"";"";"";"CHEMBL4559";"Aldose reductase";"Sus scrofa";"SINGLE PROTEIN";"CHEMBL1131142";"1";"Scientific Literature";"J. Med. Chem.";"1998";"None";""
"CHEMBL152163";"";"0";"299.33";"0";"2.37";"18";"COc1ccc(CCNC(=O)c2ccccc2C(=O)O)cc1";"IC50";"'='";"177000.0";"nM";"";"Outside typical range";"";"UO_0000065";"";"";"";"";"0";"CHEMBL642953";"Inhibition of pig kidney aldose reductase (ALR2)";"B";"BAO_0000357";"single protein format";"None";"None";"None";"None";"None";"";"";"";"CHEMBL4559";"Aldose reductase";"Sus scrofa";"SINGLE PROTEIN";"CHEMBL1145936";"1";"Scientific Literature";"J. Med. Chem.";"2003";"None";""
"CHEMBL152216";"";"0";"207.23";"0";"1.17";"36";"O=C(O)CCC(=O)NCc1ccccc1";"IC50";"'='";"141000.0";"nM";"";"Outside typical range";"";"UO_0000065";"";"";"";"";"0";"CHEMBL642953";"Inhibition of pig kidney aldose reductase (ALR2)";"B";"BAO_0000357";"single protein format";"None";"None";"None";"None";"None";"";"";"";"CHEMBL4559";"Aldose reductase";"Sus scrofa";"SINGLE PROTEIN";"CHEMBL1145936";"1";"Scientific Literature";"J. Med. Chem.";"2003";"None";""
"CHEMBL131730";"";"0";"309.28";"0";"0.42";"22c";"O=C1CC2(C(=O)N1)C(=O)N(c1ccccc1)C(=O)c1cccn12";"IC50";"'='";"200.0";"nM";"6.70";"";"";"UO_0000065";"21.66";"0.40";"6.28";"7.57";"0";"CHEMBL643203";"In vitro inhibitory activity against aldose reductase in porcine lens.";"B";"BAO_0000357";"single protein format";"None";"None";"None";"None";"None";"";"";"";"CHEMBL4559";"Aldose reductase";"Sus scrofa";"SINGLE PROTEIN";"CHEMBL1131142";"1";"Scientific Literature";"J. Med. Chem.";"1998";"None";""
"CHEMBL148124";"";"0";"205.21";"0";"0.94";"37";"O=C(O)/C=C/C(=O)NCc1ccccc1";"IC50";"'='";"150000.0";"nM";"";"Outside typical range";"";"UO_0000065";"";"";"";"";"0";"CHEMBL642953";"Inhibition of pig kidney aldose reductase (ALR2)";"B";"BAO_0000357";"single protein format";"None";"None";"None";"None";"None";"";"";"";"CHEMBL4559";"Aldose reductase";"Sus scrofa";"SINGLE PROTEIN";"CHEMBL1145936";"1";"Scientific Literature";"J. Med. Chem.";"2003";"None";""
"CHEMBL152214";"";"0";"255.27";"0";"2.31";"38";"O=C(O)c1ccccc1C(=O)NCc1ccccc1";"IC50";"'='";"180000.0";"nM";"";"Outside typical range";"";"UO_0000065";"";"";"";"";"0";"CHEMBL642953";"Inhibition of pig kidney aldose reductase (ALR2)";"B";"BAO_0000357";"single protein format";"None";"None";"None";"None";"None";"";"";"";"CHEMBL4559";"Aldose reductase";"Sus scrofa";"SINGLE PROTEIN";"CHEMBL1145936";"1";"Scientific Literature";"J. Med. Chem.";"2003";"None";""
"CHEMBL296780";"";"0";"337.32";"0";"3.93";"22b";"O=C(O)Cc1ccc(Cc2nc3c(F)c(F)cc(F)c3s2)cc1";"IC50";"'='";"38.0";"nM";"7.42";"";"";"UO_0000065";"22.00";"0.44";"3.49";"14.78";"0";"CHEMBL643204";"Inhibitory concentration against porcine lens aldose reductase (AR) with DL-glyceraldehyde as the substrate";"B";"BAO_0000357";"single protein format";"None";"None";"None";"None";"None";"";"";"";"CHEMBL4559";"Aldose reductase";"Sus scrofa";"SINGLE PROTEIN";"CHEMBL1130466";"1";"Scientific Literature";"Bioorg. Med. Chem. Lett.";"1997";"None";""
"CHEMBL147900";"";"0";"239.25";"0";"1.35";"20";"O=C(O)CCC(=O)NCCc1ccc(F)cc1";"IC50";"'='";"94000.0";"nM";"4.03";"";"";"UO_0000065";"16.83";"0.32";"2.68";"6.06";"0";"CHEMBL642953";"Inhibition of pig kidney aldose reductase (ALR2)";"B";"BAO_0000357";"single protein format";"None";"None";"None";"None";"None";"";"";"";"CHEMBL4559";"Aldose reductase";"Sus scrofa";"SINGLE PROTEIN";"CHEMBL1145936";"1";"Scientific Literature";"J. Med. Chem.";"2003";"None";""
"CHEMBL155039";"";"0";"265.27";"0";"3.03";"45";"O=C(O)c1ccccc1C(=O)n1ccc2ccccc21";"IC50";"'='";"30000.0";"nM";"4.52";"";"";"UO_0000065";"17.05";"0.31";"1.49";"7.63";"0";"CHEMBL642953";"Inhibition of pig kidney aldose reductase (ALR2)";"B";"BAO_0000357";"single protein format";"None";"None";"None";"None";"None";"";"";"";"CHEMBL4559";"Aldose reductase";"Sus scrofa";"SINGLE PROTEIN";"CHEMBL1145936";"1";"Scientific Literature";"J. Med. Chem.";"2003";"None";""
"CHEMBL288748";"";"0";"371.77";"0";"4.58";"6d";"O=C(O)Cc1cc(Cl)cc(Cc2nc3c(F)c(F)cc(F)c3s2)c1";"IC50";"'='";"7.0";"nM";"8.15";"";"";"UO_0000065";"21.94";"0.46";"3.57";"16.25";"0";"CHEMBL643204";"Inhibitory concentration against porcine lens aldose reductase (AR) with DL-glyceraldehyde as the substrate";"B";"BAO_0000357";"single protein format";"None";"None";"None";"None";"None";"";"";"";"CHEMBL4559";"Aldose reductase";"Sus scrofa";"SINGLE PROTEIN";"CHEMBL1130466";"1";"Scientific Literature";"Bioorg. Med. Chem. Lett.";"1997";"None";""
"CHEMBL346845";"";"0";"235.24";"0";"0.69";"10";"O=C(O)/C=C/C(=O)NCCc1ccc(O)cc1";"IC50";"'='";"80000.0";"nM";"4.10";"";"";"UO_0000065";"17.42";"0.33";"3.41";"4.73";"0";"CHEMBL642953";"Inhibition of pig kidney aldose reductase (ALR2)";"B";"BAO_0000357";"single protein format";"None";"None";"None";"None";"None";"";"";"";"CHEMBL4559";"Aldose reductase";"Sus scrofa";"SINGLE PROTEIN";"CHEMBL1145936";"1";"Scientific Literature";"J. Med. Chem.";"2003";"None";""
"CHEMBL132299";"";"0";"236.23";"0";"0.51";"18b";"CN1C(=O)c2cccn2C(CCC(=O)O)C1=O";"IC50";"'>'";"10000.0";"nM";"";"";"";"UO_0000065";"";"";"";"";"0";"CHEMBL643203";"In vitro inhibitory activity against aldose reductase in porcine lens.";"B";"BAO_0000357";"single protein format";"None";"None";"None";"None";"None";"";"";"";"CHEMBL4559";"Aldose reductase";"Sus scrofa";"SINGLE PROTEIN";"CHEMBL1131142";"1";"Scientific Literature";"J. Med. Chem.";"1998";"None";""
"CHEMBL152117";"";"0";"179.22";"0";"1.07";"1";"CC(=O)NCCc1ccc(O)cc1";"IC50";"'='";"160000.0";"nM";"";"Outside typical range";"";"UO_0000065";"";"";"";"";"0";"CHEMBL642953";"Inhibition of pig kidney aldose reductase (ALR2)";"B";"BAO_0000357";"single protein format";"None";"None";"None";"None";"None";"";"";"";"CHEMBL4559";"Aldose reductase";"Sus scrofa";"SINGLE PROTEIN";"CHEMBL1145936";"1";"Scientific Literature";"J. Med. Chem.";"2003";"None";""
"CHEMBL346453";"";"0";"235.28";"0";"1.60";"15";"O=C(O)CCCC(=O)NCCc1ccccc1";"IC50";"'='";"104000.0";"nM";"";"Outside typical range";"";"UO_0000065";"";"";"";"";"0";"CHEMBL642953";"Inhibition of pig kidney aldose reductase (ALR2)";"B";"BAO_0000357";"single protein format";"None";"None";"None";"None";"None";"";"";"";"CHEMBL4559";"Aldose reductase";"Sus scrofa";"SINGLE PROTEIN";"CHEMBL1145936";"1";"Scientific Literature";"J. Med. Chem.";"2003";"None";""
"CHEMBL431145";"";"0";"303.31";"0";"3.90";"4c";"O=C(O)CCCCCc1nc2c(F)c(F)cc(F)c2s1";"Inhibition";"'='";"71.0";"%";"";"";"";"UO_0000187";"";"";"";"";"0";"CHEMBL642954";"In vitro percent inhibition of porcine lens aldose reductase (AR) at 10e -7 M with DL-glyceraldehyde as the substrate";"B";"BAO_0000357";"single protein format";"None";"None";"None";"None";"None";"";"";"";"CHEMBL4559";"Aldose reductase";"Sus scrofa";"SINGLE PROTEIN";"CHEMBL1130466";"1";"Scientific Literature";"Bioorg. Med. Chem. Lett.";"1997";"None";""
"CHEMBL44941";"";"0";"424.47";"0";"4.56";"5g";"O=C(O)CN(Cc1ccccc1)C(=S)CCc1nc2c(F)c(F)cc(F)c2s1";"IC50";"'='";"23.0";"nM";"7.64";"";"";"UO_0000065";"17.99";"0.37";"3.08";"14.30";"0";"CHEMBL643204";"Inhibitory concentration against porcine lens aldose reductase (AR) with DL-glyceraldehyde as the substrate";"B";"BAO_0000357";"single protein format";"None";"None";"None";"None";"None";"";"";"";"CHEMBL4559";"Aldose reductase";"Sus scrofa";"SINGLE PROTEIN";"CHEMBL1130466";"1";"Scientific Literature";"Bioorg. Med. Chem. Lett.";"1997";"None";""
"CHEMBL46074";"";"0";"416.22";"0";"4.69";"6e";"O=C(O)Cc1cc(Br)cc(Cc2nc3c(F)c(F)cc(F)c3s2)c1";"IC50";"'='";"9.4";"nM";"8.03";"";"";"UO_0000065";"19.29";"0.46";"3.34";"15.99";"0";"CHEMBL643204";"Inhibitory concentration against porcine lens aldose reductase (AR) with DL-glyceraldehyde as the substrate";"B";"BAO_0000357";"single protein format";"None";"None";"None";"None";"None";"";"";"";"CHEMBL4559";"Aldose reductase";"Sus scrofa";"SINGLE PROTEIN";"CHEMBL1130466";"1";"Scientific Literature";"Bioorg. Med. Chem. Lett.";"1997";"None";""
"CHEMBL47152";"";"0";"289.28";"0";"3.51";"4b";"O=C(O)CCCCc1nc2c(F)c(F)cc(F)c2s1";"Inhibition";"'='";"35.0";"%";"";"";"";"UO_0000187";"";"";"";"";"0";"CHEMBL642954";"In vitro percent inhibition of porcine lens aldose reductase (AR) at 10e -7 M with DL-glyceraldehyde as the substrate";"B";"BAO_0000357";"single protein format";"None";"None";"None";"None";"None";"";"";"";"CHEMBL4559";"Aldose reductase";"Sus scrofa";"SINGLE PROTEIN";"CHEMBL1130466";"1";"Scientific Literature";"Bioorg. Med. Chem. Lett.";"1997";"None";""
"CHEMBL44717";"";"0";"337.32";"0";"3.93";"6a";"O=C(O)Cc1cccc(Cc2nc3c(F)c(F)cc(F)c3s2)c1";"IC50";"'='";"6.6";"nM";"8.18";"";"";"UO_0000065";"24.25";"0.49";"4.25";"16.30";"0";"CHEMBL643204";"Inhibitory concentration against porcine lens aldose reductase (AR) with DL-glyceraldehyde as the substrate";"B";"BAO_0000357";"single protein format";"None";"None";"None";"None";"None";"";"";"";"CHEMBL4559";"Aldose reductase";"Sus scrofa";"SINGLE PROTEIN";"CHEMBL1130466";"1";"Scientific Literature";"Bioorg. Med. Chem. Lett.";"1997";"None";""
"CHEMBL409108";"";"0";"577.99";"1";"2.84";"31f";"O=C1CC2(C(=O)N1)C(=O)N(Cc1ccc(Br)cc1F)C(=O)c1cc(Br)c(Br)n12";"IC50";"'='";"52.0";"nM";"7.28";"";"";"UO_0000065";"12.60";"0.36";"4.44";"8.23";"0";"CHEMBL643203";"In vitro inhibitory activity against aldose reductase in porcine lens.";"B";"BAO_0000357";"single protein format";"None";"None";"None";"None";"None";"";"";"";"CHEMBL4559";"Aldose reductase";"Sus scrofa";"SINGLE PROTEIN";"CHEMBL1131142";"1";"Scientific Literature";"J. Med. Chem.";"1998";"None";""
"CHEMBL153442";"";"0";"237.25";"0";"0.92";"9";"O=C(O)CCC(=O)NCCc1ccc(O)cc1";"IC50";"'='";"390000.0";"nM";"";"Outside typical range";"";"UO_0000065";"";"";"";"";"0";"CHEMBL642953";"Inhibition of pig kidney aldose reductase (ALR2)";"B";"BAO_0000357";"single protein format";"None";"None";"None";"None";"None";"";"";"";"CHEMBL4559";"Aldose reductase";"Sus scrofa";"SINGLE PROTEIN";"CHEMBL1145936";"1";"Scientific Literature";"J. Med. Chem.";"2003";"None";""
"CHEMBL44575";"";"0";"317.33";"0";"4.29";"4d";"O=C(O)CCCCCCc1nc2c(F)c(F)cc(F)c2s1";"Inhibition";"'='";"11.0";"%";"";"";"";"UO_0000187";"";"";"";"";"0";"CHEMBL642954";"In vitro percent inhibition of porcine lens aldose reductase (AR) at 10e -7 M with DL-glyceraldehyde as the substrate";"B";"BAO_0000357";"single protein format";"None";"None";"None";"None";"None";"";"";"";"CHEMBL4559";"Aldose reductase";"Sus scrofa";"SINGLE PROTEIN";"CHEMBL1130466";"1";"Scientific Literature";"Bioorg. Med. Chem. Lett.";"1997";"None";""
"CHEMBL187527";"";"0";"344.17";"0";"3.40";"4";"O=C(O)c1nnn(-c2cccc(Br)c2)c1-c1ccccc1";"IC50";"'='";"274000.0";"nM";"";"Outside typical range";"";"UO_0000065";"";"";"";"";"0";"CHEMBL832432";"Inhibition of aldose reductase from pig lenses";"B";"BAO_0000357";"single protein format";"Sus scrofa";"None";"None";"None";"None";"";"";"";"CHEMBL4559";"Aldose reductase";"Sus scrofa";"SINGLE PROTEIN";"CHEMBL1138775";"1";"Scientific Literature";"J. Med. Chem.";"2004";"None";""
"CHEMBL347103";"";"0";"233.22";"0";"1.85";"46";"O=C(O)CCC(=O)n1ccc2c(O)cccc21";"IC50";"'='";"7400.0";"nM";"5.13";"";"";"UO_0000065";"22.00";"0.41";"3.28";"6.45";"0";"CHEMBL642953";"Inhibition of pig kidney aldose reductase (ALR2)";"B";"BAO_0000357";"single protein format";"None";"None";"None";"None";"None";"";"";"";"CHEMBL4559";"Aldose reductase";"Sus scrofa";"SINGLE PROTEIN";"CHEMBL1145936";"1";"Scientific Literature";"J. Med. Chem.";"2003";"None";""
"CHEMBL152472";"";"0";"348.20";"0";"3.12";"30";"O=C(O)c1ccccc1C(=O)NCCc1ccc(Br)cc1";"IC50";"'='";"81000.0";"nM";"4.09";"";"";"UO_0000065";"11.75";"0.27";"0.97";"6.16";"0";"CHEMBL642953";"Inhibition of pig kidney aldose reductase (ALR2)";"B";"BAO_0000357";"single protein format";"None";"None";"None";"None";"None";"";"";"";"CHEMBL4559";"Aldose reductase";"Sus scrofa";"SINGLE PROTEIN";"CHEMBL1145936";"1";"Scientific Literature";"J. Med. Chem.";"2003";"None";""
"CHEMBL186174";"";"0";"334.21";"0";"3.71";"3";"Clc1ccc(CN(Cc2ccc(Cl)cc2)c2nn[nH]n2)cc1";"IC50";"'='";"336000.0";"nM";"";"Outside typical range";"";"UO_0000065";"";"";"";"";"0";"CHEMBL832432";"Inhibition of aldose reductase from pig lenses";"B";"BAO_0000357";"single protein format";"Sus scrofa";"None";"None";"None";"None";"";"";"";"CHEMBL4559";"Aldose reductase";"Sus scrofa";"SINGLE PROTEIN";"CHEMBL1138775";"1";"Scientific Literature";"J. Med. Chem.";"2004";"None";""
"CHEMBL157003";"";"0";"255.70";"0";"1.86";"24";"O=C(O)CCC(=O)NCCc1ccc(Cl)cc1";"IC50";"'='";"99000.0";"nM";"4.00";"";"";"UO_0000065";"15.66";"0.32";"2.14";"6.03";"0";"CHEMBL642953";"Inhibition of pig kidney aldose reductase (ALR2)";"B";"BAO_0000357";"single protein format";"None";"None";"None";"None";"None";"";"";"";"CHEMBL4559";"Aldose reductase";"Sus scrofa";"SINGLE PROTEIN";"CHEMBL1145936";"1";"Scientific Literature";"J. Med. Chem.";"2003";"None";""
"CHEMBL348222";"";"0";"375.60";"1";"6.53";"6";"CCCCCCCCCCCCCCCC(=O)NCCc1ccc(O)cc1";"IC50";"'='";"150000.0";"nM";"";"Outside typical range";"";"UO_0000065";"";"";"";"";"0";"CHEMBL642953";"Inhibition of pig kidney aldose reductase (ALR2)";"B";"BAO_0000357";"single protein format";"None";"None";"None";"None";"None";"";"";"";"CHEMBL4559";"Aldose reductase";"Sus scrofa";"SINGLE PROTEIN";"CHEMBL1145936";"1";"Scientific Literature";"J. Med. Chem.";"2003";"None";""
"CHEMBL152809";"";"0";"285.30";"0";"2.06";"11";"O=C(O)c1ccccc1C(=O)NCCc1ccc(O)cc1";"IC50";"'='";"340000.0";"nM";"";"Outside typical range";"";"UO_0000065";"";"";"";"";"0";"CHEMBL642953";"Inhibition of pig kidney aldose reductase (ALR2)";"B";"BAO_0000357";"single protein format";"None";"None";"None";"None";"None";"";"";"";"CHEMBL4559";"Aldose reductase";"Sus scrofa";"SINGLE PROTEIN";"CHEMBL1145936";"1";"Scientific Literature";"J. Med. Chem.";"2003";"None";""
"CHEMBL10413";"ZENARESTAT";"0";"441.64";"0";"2.85";"1 (Zenarestat)";"O=C(O)Cn1c(=O)n(Cc2ccc(Br)cc2F)c(=O)c2ccc(Cl)cc21";"IC50";"'='";"12.0";"nM";"7.92";"";"";"UO_0000065";"17.94";"0.42";"5.07";"9.74";"0";"CHEMBL643204";"Inhibitory concentration against porcine lens aldose reductase (AR) with DL-glyceraldehyde as the substrate";"B";"BAO_0000357";"single protein format";"None";"None";"None";"None";"None";"";"";"";"CHEMBL4559";"Aldose reductase";"Sus scrofa";"SINGLE PROTEIN";"CHEMBL1130466";"1";"Scientific Literature";"Bioorg. Med. Chem. Lett.";"1997";"None";""
"CHEMBL150731";"";"0";"251.28";"0";"1.22";"16";"COc1ccc(CCNC(=O)CCC(=O)O)cc1";"IC50";"'='";"170000.0";"nM";"";"Outside typical range";"";"UO_0000065";"";"";"";"";"0";"CHEMBL642953";"Inhibition of pig kidney aldose reductase (ALR2)";"B";"BAO_0000357";"single protein format";"None";"None";"None";"None";"None";"";"";"";"CHEMBL4559";"Aldose reductase";"Sus scrofa";"SINGLE PROTEIN";"CHEMBL1145936";"1";"Scientific Literature";"J. Med. Chem.";"2003";"None";""
"CHEMBL335972";"";"0";"499.09";"0";"2.08";"31e";"O=C1CC2(C(=O)N1)C(=O)N(Cc1ccc(Br)cc1F)C(=O)c1ccc(Br)n12";"IC50";"'='";"40.0";"nM";"7.40";"";"";"UO_0000065";"14.82";"0.37";"5.32";"8.36";"0";"CHEMBL643203";"In vitro inhibitory activity against aldose reductase in porcine lens.";"B";"BAO_0000357";"single protein format";"None";"None";"None";"None";"None";"";"";"";"CHEMBL4559";"Aldose reductase";"Sus scrofa";"SINGLE PROTEIN";"CHEMBL1131142";"1";"Scientific Literature";"J. Med. Chem.";"1998";"None";""
"CHEMBL133731";"";"0";"392.20";"0";"1.72";"23r";"O=C1CC2(C(=O)N1)C(=O)N(Cc1ccc(Cl)c(Cl)c1)C(=O)c1cccn12";"IC50";"'='";"23.0";"nM";"7.64";"";"";"UO_0000065";"19.48";"0.40";"5.92";"8.63";"0";"CHEMBL643203";"In vitro inhibitory activity against aldose reductase in porcine lens.";"B";"BAO_0000357";"single protein format";"None";"None";"None";"None";"None";"";"";"";"CHEMBL4559";"Aldose reductase";"Sus scrofa";"SINGLE PROTEIN";"CHEMBL1131142";"1";"Scientific Literature";"J. Med. Chem.";"1998";"None";""
"CHEMBL152137";"";"0";"291.44";"0";"4.19";"4";"CCCCCCCCCC(=O)NCCc1ccc(O)cc1";"IC50";"'='";"110000.0";"nM";"";"Outside typical range";"";"UO_0000065";"";"";"";"";"0";"CHEMBL642953";"Inhibition of pig kidney aldose reductase (ALR2)";"B";"BAO_0000357";"single protein format";"None";"None";"None";"None";"None";"";"";"";"CHEMBL4559";"Aldose reductase";"Sus scrofa";"SINGLE PROTEIN";"CHEMBL1145936";"1";"Scientific Literature";"J. Med. Chem.";"2003";"None";""
"CHEMBL347525";"";"0";"217.22";"0";"1.22";"41";"O=C(O)/C=C/C(=O)N1CCc2ccccc21";"IC50";"'='";"40000.0";"nM";"4.40";"";"";"UO_0000065";"20.25";"0.38";"3.18";"7.63";"0";"CHEMBL642953";"Inhibition of pig kidney aldose reductase (ALR2)";"B";"BAO_0000357";"single protein format";"None";"None";"None";"None";"None";"";"";"";"CHEMBL4559";"Aldose reductase";"Sus scrofa";"SINGLE PROTEIN";"CHEMBL1145936";"1";"Scientific Literature";"J. Med. Chem.";"2003";"None";""
"CHEMBL188362";"";"0";"343.38";"0";"2.97";"6";"CC(OCc1ccccc1)C(NC(=O)OCc1ccccc1)C(=O)O";"IC50";"'>'";"300000.0";"nM";"";"Outside typical range";"";"UO_0000065";"";"";"";"";"0";"CHEMBL828027";"Inhibition of aldose reductase from pig lenses; no inhibition";"B";"BAO_0000357";"single protein format";"Sus scrofa";"None";"None";"None";"None";"";"";"";"CHEMBL4559";"Aldose reductase";"Sus scrofa";"SINGLE PROTEIN";"CHEMBL1138775";"1";"Scientific Literature";"J. Med. Chem.";"2004";"None";""
"CHEMBL436";"TOLRESTAT";"4";"357.35";"0";"3.56";"Tolrestat";"COc1ccc2c(C(=S)N(C)CC(=O)O)cccc2c1C(F)(F)F";"IC50";"'='";"30.0";"nM";"7.52";"";"";"UO_0000065";"21.05";"0.43";"3.96";"15.12";"0";"CHEMBL832432";"Inhibition of aldose reductase from pig lenses";"B";"BAO_0000357";"single protein format";"Sus scrofa";"None";"None";"None";"None";"";"";"";"CHEMBL4559";"Aldose reductase";"Sus scrofa";"SINGLE PROTEIN";"CHEMBL1138775";"1";"Scientific Literature";"J. Med. Chem.";"2004";"None";""
"CHEMBL337464";"";"0";"264.28";"0";"1.28";"18c";"CC(C)N1C(=O)c2cccn2C(CCC(=O)O)C1=O";"IC50";"'>'";"10000.0";"nM";"";"";"";"UO_0000065";"";"";"";"";"0";"CHEMBL643203";"In vitro inhibitory activity against aldose reductase in porcine lens.";"B";"BAO_0000357";"single protein format";"None";"None";"None";"None";"None";"";"";"";"CHEMBL4559";"Aldose reductase";"Sus scrofa";"SINGLE PROTEIN";"CHEMBL1131142";"1";"Scientific Literature";"J. Med. Chem.";"1998";"None";""
"CHEMBL44780";"";"0";"410.44";"0";"4.56";"5f";"O=C(O)CN(C(=S)CCc1nc2c(F)c(F)cc(F)c2s1)c1ccccc1";"IC50";"'='";"8.4";"nM";"8.08";"";"";"UO_0000065";"19.68";"0.41";"3.52";"15.11";"0";"CHEMBL643204";"Inhibitory concentration against porcine lens aldose reductase (AR) with DL-glyceraldehyde as the substrate";"B";"BAO_0000357";"single protein format";"None";"None";"None";"None";"None";"";"";"";"CHEMBL4559";"Aldose reductase";"Sus scrofa";"SINGLE PROTEIN";"CHEMBL1130466";"1";"Scientific Literature";"Bioorg. Med. Chem. Lett.";"1997";"None";""
"CHEMBL134188";"";"0";"341.30";"0";"0.55";"23c";"O=C1CC2(C(=O)N1)C(=O)N(Cc1ccc(F)cc1)C(=O)c1cccn12";"IC50";"'='";"120.0";"nM";"6.92";"";"";"UO_0000065";"20.28";"0.38";"6.37";"7.82";"0";"CHEMBL643203";"In vitro inhibitory activity against aldose reductase in porcine lens.";"B";"BAO_0000357";"single protein format";"None";"None";"None";"None";"None";"";"";"";"CHEMBL4559";"Aldose reductase";"Sus scrofa";"SINGLE PROTEIN";"CHEMBL1131142";"1";"Scientific Literature";"J. Med. Chem.";"1998";"None";""
"CHEMBL133662";"";"0";"367.19";"0";"2.99";"17d";"O=C(O)CC1C(=O)N(Cc2ccc(Cl)c(Cl)c2)C(=O)c2cccn21";"IC50";"'='";"131.0";"nM";"6.88";"";"";"UO_0000065";"18.74";"0.39";"3.89";"8.65";"0";"CHEMBL643203";"In vitro inhibitory activity against aldose reductase in porcine lens.";"B";"BAO_0000357";"single protein format";"None";"None";"None";"None";"None";"";"";"";"CHEMBL4559";"Aldose reductase";"Sus scrofa";"SINGLE PROTEIN";"CHEMBL1131142";"1";"Scientific Literature";"J. Med. Chem.";"1998";"None";""
"CHEMBL188253";"";"0";"253.69";"0";"1.77";"1";"O=C(O)C1CC(=O)N(Cc2ccc(Cl)cc2)C1";"IC50";"'='";"8000.0";"nM";"5.10";"";"";"UO_0000065";"20.09";"0.41";"3.33";"8.85";"0";"CHEMBL832432";"Inhibition of aldose reductase from pig lenses";"B";"BAO_0000357";"single protein format";"Sus scrofa";"None";"None";"None";"None";"";"";"";"CHEMBL4559";"Aldose reductase";"Sus scrofa";"SINGLE PROTEIN";"CHEMBL1138775";"1";"Scientific Literature";"J. Med. Chem.";"2004";"None";""
"CHEMBL435190";"";"0";"359.29";"0";"0.69";"23q";"O=C1CC2(C(=O)N1)C(=O)N(Cc1ccc(F)cc1F)C(=O)c1cccn12";"IC50";"'='";"72.0";"nM";"7.14";"";"";"UO_0000065";"19.88";"0.38";"6.45";"8.07";"0";"CHEMBL643203";"In vitro inhibitory activity against aldose reductase in porcine lens.";"B";"BAO_0000357";"single protein format";"None";"None";"None";"None";"None";"";"";"";"CHEMBL4559";"Aldose reductase";"Sus scrofa";"SINGLE PROTEIN";"CHEMBL1131142";"1";"Scientific Literature";"J. Med. Chem.";"1998";"None";""
"CHEMBL132069";"";"0";"196.21";"0";"0.26";"2";"COC(=O)CN(C)C(=O)c1ccc[nH]1";"IC50";"'>'";"10000.0";"nM";"";"";"";"UO_0000065";"";"";"";"";"0";"CHEMBL643203";"In vitro inhibitory activity against aldose reductase in porcine lens.";"B";"BAO_0000357";"single protein format";"None";"None";"None";"None";"None";"";"";"";"CHEMBL4559";"Aldose reductase";"Sus scrofa";"SINGLE PROTEIN";"CHEMBL1131142";"1";"Scientific Literature";"J. Med. Chem.";"1998";"None";""
"CHEMBL266497";"SORBINIL";"3";"236.20";"0";"0.64";"Sorbinil";"O=C1NC(=O)[C@@]2(CCOc3ccc(F)cc32)N1";"IC50";"'='";"1100.0";"nM";"5.96";"";"";"UO_0000065";"25.23";"0.48";"5.32";"8.84";"0";"CHEMBL832432";"Inhibition of aldose reductase from pig lenses";"B";"BAO_0000357";"single protein format";"Sus scrofa";"None";"None";"None";"None";"";"";"";"CHEMBL4559";"Aldose reductase";"Sus scrofa";"SINGLE PROTEIN";"CHEMBL1138775";"1";"Scientific Literature";"J. Med. Chem.";"2004";"None";""
"CHEMBL436";"TOLRESTAT";"4";"357.35";"0";"3.56";"Tolrestat";"COc1ccc2c(C(=S)N(C)CC(=O)O)cccc2c1C(F)(F)F";"IC50";"'='";"16.0";"nM";"7.80";"Potential transcription error";"";"UO_0000065";"";"";"";"";"1";"CHEMBL643204";"Inhibitory concentration against porcine lens aldose reductase (AR) with DL-glyceraldehyde as the substrate";"B";"BAO_0000357";"single protein format";"None";"None";"None";"None";"None";"";"";"";"CHEMBL4559";"Aldose reductase";"Sus scrofa";"SINGLE PROTEIN";"CHEMBL1130466";"1";"Scientific Literature";"Bioorg. Med. Chem. Lett.";"1997";"None";""
"CHEMBL345735";"";"0";"249.27";"0";"0.99";"17";"COc1ccc(CCNC(=O)/C=C/C(=O)O)cc1";"IC50";"'='";"155000.0";"nM";"";"Outside typical range";"";"UO_0000065";"";"";"";"";"0";"CHEMBL642953";"Inhibition of pig kidney aldose reductase (ALR2)";"B";"BAO_0000357";"single protein format";"None";"None";"None";"None";"None";"";"";"";"CHEMBL4559";"Aldose reductase";"Sus scrofa";"SINGLE PROTEIN";"CHEMBL1145936";"1";"Scientific Literature";"J. Med. Chem.";"2003";"None";""
"CHEMBL379064";"ISORHAMNETIN";"0";"316.26";"0";"2.29";"3";"COc1cc(-c2oc3cc(O)cc(O)c3c(=O)c2O)ccc1O";"IC50";"'>'";"95000.0";"nM";"";"";"";"UO_0000065";"";"";"";"";"0";"CHEMBL989312";"Inhibition of pig lens aldose reductase by spectrophotometry";"B";"BAO_0000357";"single protein format";"Sus scrofa";"None";"None";"None";"None";"";"";"";"CHEMBL4559";"Aldose reductase";"Sus scrofa";"SINGLE PROTEIN";"CHEMBL1158227";"1";"Scientific Literature";"J. Nat. Prod.";"1996";"None";""
"CHEMBL335776";"";"0";"420.19";"0";"1.31";"44";"O=C1C[C@]2(C(=O)N1)C(=O)N(Cc1ccc(Br)cc1F)C(=O)c1cccn12";"IC50";"'='";"190.0";"nM";"6.72";"";"";"UO_0000065";"16.00";"0.35";"5.41";"7.60";"0";"CHEMBL643203";"In vitro inhibitory activity against aldose reductase in porcine lens.";"B";"BAO_0000357";"single protein format";"None";"None";"None";"None";"None";"";"";"";"CHEMBL4559";"Aldose reductase";"Sus scrofa";"SINGLE PROTEIN";"CHEMBL1131142";"1";"Scientific Literature";"J. Med. Chem.";"1998";"None";""
"CHEMBL337469";"";"0";"250.25";"0";"0.89";"17c";"CC(C)N1C(=O)c2cccn2C(CC(=O)O)C1=O";"IC50";"'>'";"10000.0";"nM";"";"";"";"UO_0000065";"";"";"";"";"0";"CHEMBL643203";"In vitro inhibitory activity against aldose reductase in porcine lens.";"B";"BAO_0000357";"single protein format";"None";"None";"None";"None";"None";"";"";"";"CHEMBL4559";"Aldose reductase";"Sus scrofa";"SINGLE PROTEIN";"CHEMBL1131142";"1";"Scientific Literature";"J. Med. Chem.";"1998";"None";""
"CHEMBL337903";"";"0";"383.36";"0";"0.43";"23p";"COc1ccc(CN2C(=O)c3cccn3C3(CC(=O)NC3=O)C2=O)cc1OC";"IC50";"'='";"110.0";"nM";"6.96";"";"";"UO_0000065";"18.15";"0.34";"6.53";"6.51";"0";"CHEMBL643203";"In vitro inhibitory activity against aldose reductase in porcine lens.";"B";"BAO_0000357";"single protein format";"None";"None";"None";"None";"None";"";"";"";"CHEMBL4559";"Aldose reductase";"Sus scrofa";"SINGLE PROTEIN";"CHEMBL1131142";"1";"Scientific Literature";"J. Med. Chem.";"1998";"None";""
"CHEMBL357989";"";"0";"221.30";"0";"2.24";"2";"CCCCC(=O)NCCc1ccc(O)cc1";"IC50";"'='";"130000.0";"nM";"";"Outside typical range";"";"UO_0000065";"";"";"";"";"0";"CHEMBL642953";"Inhibition of pig kidney aldose reductase (ALR2)";"B";"BAO_0000357";"single protein format";"None";"None";"None";"None";"None";"";"";"";"CHEMBL4559";"Aldose reductase";"Sus scrofa";"SINGLE PROTEIN";"CHEMBL1145936";"1";"Scientific Literature";"J. Med. Chem.";"2003";"None";""
"CHEMBL134089";"";"0";"395.18";"0";"2.59";"17e";"O=C(O)CC1C(=O)N(Cc2ccc(Br)cc2F)C(=O)c2cccn21";"IC50";"'='";"165.0";"nM";"6.78";"";"";"UO_0000065";"17.16";"0.39";"4.19";"8.52";"0";"CHEMBL643203";"In vitro inhibitory activity against aldose reductase in porcine lens.";"B";"BAO_0000357";"single protein format";"None";"None";"None";"None";"None";"";"";"";"CHEMBL4559";"Aldose reductase";"Sus scrofa";"SINGLE PROTEIN";"CHEMBL1131142";"1";"Scientific Literature";"J. Med. Chem.";"1998";"None";""
"CHEMBL152764";"";"0";"300.15";"0";"1.97";"28";"O=C(O)CCC(=O)NCCc1ccc(Br)cc1";"IC50";"'='";"94000.0";"nM";"4.03";"";"";"UO_0000065";"13.42";"0.32";"2.06";"6.06";"0";"CHEMBL642953";"Inhibition of pig kidney aldose reductase (ALR2)";"B";"BAO_0000357";"single protein format";"None";"None";"None";"None";"None";"";"";"";"CHEMBL4559";"Aldose reductase";"Sus scrofa";"SINGLE PROTEIN";"CHEMBL1145936";"1";"Scientific Literature";"J. Med. Chem.";"2003";"None";""
"CHEMBL153285";"";"0";"267.28";"0";"2.59";"42";"O=C(O)c1ccccc1C(=O)N1CCc2ccccc21";"IC50";"'='";"95000.0";"nM";"4.02";"";"";"UO_0000065";"15.05";"0.27";"1.43";"6.98";"0";"CHEMBL642953";"Inhibition of pig kidney aldose reductase (ALR2)";"B";"BAO_0000357";"single protein format";"None";"None";"None";"None";"None";"";"";"";"CHEMBL4559";"Aldose reductase";"Sus scrofa";"SINGLE PROTEIN";"CHEMBL1145936";"1";"Scientific Literature";"J. Med. Chem.";"2003";"None";""
"CHEMBL341433";"";"0";"454.64";"0";"1.97";"31a";"O=C1CC2(C(=O)N1)C(=O)N(Cc1ccc(Br)cc1F)C(=O)c1cc(Cl)cn12";"IC50";"'='";"50.0";"nM";"7.30";"";"";"UO_0000065";"16.06";"0.37";"5.33";"8.25";"0";"CHEMBL643203";"In vitro inhibitory activity against aldose reductase in porcine lens.";"B";"BAO_0000357";"single protein format";"None";"None";"None";"None";"None";"";"";"";"CHEMBL4559";"Aldose reductase";"Sus scrofa";"SINGLE PROTEIN";"CHEMBL1131142";"1";"Scientific Literature";"J. Med. Chem.";"1998";"None";""
"CHEMBL337165";"";"0";"353.33";"0";"0.42";"23k";"COc1ccc(CN2C(=O)c3cccn3C3(CC(=O)NC3=O)C2=O)cc1";"IC50";"'='";"46.0";"nM";"7.34";"";"";"UO_0000065";"20.77";"0.39";"6.92";"7.51";"0";"CHEMBL643203";"In vitro inhibitory activity against aldose reductase in porcine lens.";"B";"BAO_0000357";"single protein format";"None";"None";"None";"None";"None";"";"";"";"CHEMBL4559";"Aldose reductase";"Sus scrofa";"SINGLE PROTEIN";"CHEMBL1131142";"1";"Scientific Literature";"J. Med. Chem.";"1998";"None";""
"CHEMBL348429";"";"0";"265.31";"0";"1.61";"19";"COc1ccc(CCNC(=O)CCCC(=O)O)cc1";"IC50";"'='";"185000.0";"nM";"";"Outside typical range";"";"UO_0000065";"";"";"";"";"0";"CHEMBL642953";"Inhibition of pig kidney aldose reductase (ALR2)";"B";"BAO_0000357";"single protein format";"None";"None";"None";"None";"None";"";"";"";"CHEMBL4559";"Aldose reductase";"Sus scrofa";"SINGLE PROTEIN";"CHEMBL1145936";"1";"Scientific Literature";"J. Med. Chem.";"2003";"None";""
"CHEMBL187528";"";"0";"341.84";"0";"3.25";"5";"CC(OCc1ccc(Cl)cc1)C(NC(=O)CC(C)(C)C)C(=O)O";"IC50";"'>'";"400000.0";"nM";"";"Outside typical range";"";"UO_0000065";"";"";"";"";"0";"CHEMBL828027";"Inhibition of aldose reductase from pig lenses; no inhibition";"B";"BAO_0000357";"single protein format";"Sus scrofa";"None";"None";"None";"None";"";"";"";"CHEMBL4559";"Aldose reductase";"Sus scrofa";"SINGLE PROTEIN";"CHEMBL1138775";"1";"Scientific Literature";"J. Med. Chem.";"2004";"None";""
"CHEMBL335447";"";"0";"409.21";"0";"2.98";"18e";"O=C(O)CCC1C(=O)N(Cc2ccc(Br)cc2F)C(=O)c2cccn21";"IC50";"'='";"803.0";"nM";"6.09";"";"";"UO_0000065";"14.90";"0.33";"3.12";"7.66";"0";"CHEMBL643203";"In vitro inhibitory activity against aldose reductase in porcine lens.";"B";"BAO_0000357";"single protein format";"None";"None";"None";"None";"None";"";"";"";"CHEMBL4559";"Aldose reductase";"Sus scrofa";"SINGLE PROTEIN";"CHEMBL1131142";"1";"Scientific Literature";"J. Med. Chem.";"1998";"None";""
"CHEMBL133737";"";"0";"182.18";"0";"0.17";"4";"CN(CC(=O)O)C(=O)c1ccc[nH]1";"IC50";"'='";"5000.0";"nM";"5.30";"";"";"UO_0000065";"29.10";"0.56";"5.13";"7.22";"0";"CHEMBL643203";"In vitro inhibitory activity against aldose reductase in porcine lens.";"B";"BAO_0000357";"single protein format";"None";"None";"None";"None";"None";"";"";"";"CHEMBL4559";"Aldose reductase";"Sus scrofa";"SINGLE PROTEIN";"CHEMBL1131142";"1";"Scientific Literature";"J. Med. Chem.";"1998";"None";""
"CHEMBL84446";"FIDARESTAT";"0";"279.23";"0";"-0.50";"Fidarestat";"NC(=O)[C@@H]1C[C@]2(NC(=O)NC2=O)c2cc(F)ccc2O1";"IC50";"'='";"2500.0";"nM";"5.60";"";"";"UO_0000065";"20.06";"0.38";"6.10";"5.07";"0";"CHEMBL881404";"Inhibitory concentration against porcine aldose reductase";"B";"BAO_0000357";"single protein format";"Sus scrofa";"None";"None";"None";"None";"";"";"";"CHEMBL4559";"Aldose reductase";"Sus scrofa";"SINGLE PROTEIN";"CHEMBL1143655";"1";"Scientific Literature";"J. Med. Chem.";"2005";"None";""
"CHEMBL152670";"";"0";"219.24";"0";"0.99";"13";"O=C(O)/C=C/C(=O)NCCc1ccccc1";"IC50";"'='";"73000.0";"nM";"4.14";"";"";"UO_0000065";"18.87";"0.35";"3.15";"6.23";"0";"CHEMBL642953";"Inhibition of pig kidney aldose reductase (ALR2)";"B";"BAO_0000357";"single protein format";"None";"None";"None";"None";"None";"";"";"";"CHEMBL4559";"Aldose reductase";"Sus scrofa";"SINGLE PROTEIN";"CHEMBL1145936";"1";"Scientific Literature";"J. Med. Chem.";"2003";"None";""
"CHEMBL463753";"";"0";"420.39";"0";"1.46";"2";"O=c1c(OS(=O)(=O)[O-])c(-c2ccc(O)c(O)c2)oc2cc(O)cc(O)c12.[K+]";"IC50";"'='";"50900.0";"nM";"4.29";"";"";"UO_0000065";"11.23";"0.23";"2.83";"2.46";"0";"CHEMBL989312";"Inhibition of pig lens aldose reductase by spectrophotometry";"B";"BAO_0000357";"single protein format";"Sus scrofa";"None";"None";"None";"None";"";"";"";"CHEMBL4559";"Aldose reductase";"Sus scrofa";"SINGLE PROTEIN";"CHEMBL1158227";"1";"Scientific Literature";"J. Nat. Prod.";"1996";"None";""
"CHEMBL458251";"";"0";"596.56";"3";"-0.76";"9";"COc1ccc(-c2oc3cc(OS(=O)(=O)[O-])cc(O)c3c(=O)c2O[C@@H]2O[C@H](CO)[C@@H](O)[C@H](O)[C@H]2O)cc1O.[K+]";"IC50";"'='";"5000.0";"nM";"5.30";"";"";"UO_0000065";"9.49";"0.19";"6.06";"2.18";"0";"CHEMBL989312";"Inhibition of pig lens aldose reductase by spectrophotometry";"B";"BAO_0000357";"single protein format";"Sus scrofa";"None";"None";"None";"None";"";"";"";"CHEMBL4559";"Aldose reductase";"Sus scrofa";"SINGLE PROTEIN";"CHEMBL1158227";"1";"Scientific Literature";"J. Nat. Prod.";"1996";"None";""
"CHEMBL43995";"";"0";"408.40";"0";"3.76";"5c";"O=C(O)CN(Cc1ccccc1)C(=O)CCc1nc2c(F)c(F)cc(F)c2s1";"IC50";"'='";"9.7";"nM";"8.01";"";"";"UO_0000065";"19.62";"0.39";"4.25";"11.37";"0";"CHEMBL643204";"Inhibitory concentration against porcine lens aldose reductase (AR) with DL-glyceraldehyde as the substrate";"B";"BAO_0000357";"single protein format";"None";"None";"None";"None";"None";"";"";"";"CHEMBL4559";"Aldose reductase";"Sus scrofa";"SINGLE PROTEIN";"CHEMBL1130466";"1";"Scientific Literature";"Bioorg. Med. Chem. Lett.";"1997";"None";""
"CHEMBL335386";"";"0";"164.16";"0";"0.21";"3";"CN1CC(=O)n2cccc2C1=O";"IC50";"'='";"7500.0";"nM";"5.12";"";"";"UO_0000065";"31.22";"0.58";"4.91";"12.11";"0";"CHEMBL643203";"In vitro inhibitory activity against aldose reductase in porcine lens.";"B";"BAO_0000357";"single protein format";"None";"None";"None";"None";"None";"";"";"";"CHEMBL4559";"Aldose reductase";"Sus scrofa";"SINGLE PROTEIN";"CHEMBL1131142";"1";"Scientific Literature";"J. Med. Chem.";"1998";"None";""
"CHEMBL334518";"";"0";"402.20";"0";"1.18";"23i";"O=C1CC2(C(=O)N1)C(=O)N(Cc1ccc(Br)cc1)C(=O)c1cccn12";"IC50";"'='";"47.0";"nM";"7.33";"";"";"UO_0000065";"18.22";"0.40";"6.15";"8.28";"0";"CHEMBL643203";"In vitro inhibitory activity against aldose reductase in porcine lens.";"B";"BAO_0000357";"single protein format";"None";"None";"None";"None";"None";"";"";"";"CHEMBL4559";"Aldose reductase";"Sus scrofa";"SINGLE PROTEIN";"CHEMBL1131142";"1";"Scientific Literature";"J. Med. Chem.";"1998";"None";""
"CHEMBL7679";"PONALRESTAT";"0";"391.20";"0";"2.97";"Ponalrestat";"O=C(O)Cc1nn(Cc2ccc(Br)cc2F)c(=O)c2ccccc12";"IC50";"'='";"21.0";"nM";"7.68";"";"";"UO_0000065";"19.63";"0.44";"4.71";"10.64";"0";"CHEMBL643203";"In vitro inhibitory activity against aldose reductase in porcine lens.";"B";"BAO_0000357";"single protein format";"None";"None";"None";"None";"None";"";"";"";"CHEMBL4559";"Aldose reductase";"Sus scrofa";"SINGLE PROTEIN";"CHEMBL1131142";"1";"Scientific Literature";"J. Med. Chem.";"1998";"None";""
"CHEMBL335079";"";"0";"222.20";"0";"0.12";"17b";"CN1C(=O)c2cccn2C(CC(=O)O)C1=O";"IC50";"'>'";"10000.0";"nM";"";"";"";"UO_0000065";"";"";"";"";"0";"CHEMBL643203";"In vitro inhibitory activity against aldose reductase in porcine lens.";"B";"BAO_0000357";"single protein format";"None";"None";"None";"None";"None";"";"";"";"CHEMBL4559";"Aldose reductase";"Sus scrofa";"SINGLE PROTEIN";"CHEMBL1131142";"1";"Scientific Literature";"J. Med. Chem.";"1998";"None";""
"CHEMBL130516";"";"0";"391.31";"0";"1.43";"23l";"O=C1CC2(C(=O)N1)C(=O)N(Cc1ccc(C(F)(F)F)cc1)C(=O)c1cccn12";"IC50";"'='";"80.0";"nM";"7.10";"";"";"UO_0000065";"18.14";"0.35";"5.67";"8.02";"0";"CHEMBL643203";"In vitro inhibitory activity against aldose reductase in porcine lens.";"B";"BAO_0000357";"single protein format";"None";"None";"None";"None";"None";"";"";"";"CHEMBL4559";"Aldose reductase";"Sus scrofa";"SINGLE PROTEIN";"CHEMBL1131142";"1";"Scientific Literature";"J. Med. Chem.";"1998";"None";""
"CHEMBL45074";"";"0";"381.33";"0";"3.63";"6h";"O=C(O)Cc1cc(Cc2nc3c(F)c(F)cc(F)c3s2)cc(C(=O)O)c1";"IC50";"'='";"8.7";"nM";"8.06";"";"";"UO_0000065";"21.14";"0.42";"4.43";"9.21";"0";"CHEMBL643204";"Inhibitory concentration against porcine lens aldose reductase (AR) with DL-glyceraldehyde as the substrate";"B";"BAO_0000357";"single protein format";"None";"None";"None";"None";"None";"";"";"";"CHEMBL4559";"Aldose reductase";"Sus scrofa";"SINGLE PROTEIN";"CHEMBL1130466";"1";"Scientific Literature";"Bioorg. Med. Chem. Lett.";"1997";"None";""
"CHEMBL463755";"";"0";"552.57";"1";"1.24";"5";"COc1cc(-c2oc3cc(OS(=O)(=O)[O-])cc(O)c3c(=O)c2OS(=O)(=O)[O-])ccc1O.[K+].[K+]";"IC50";"'='";"1800.0";"nM";"5.75";"";"";"UO_0000065";"12.06";"0.25";"4.50";"2.77";"0";"CHEMBL989312";"Inhibition of pig lens aldose reductase by spectrophotometry";"B";"BAO_0000357";"single protein format";"Sus scrofa";"None";"None";"None";"None";"";"";"";"CHEMBL4559";"Aldose reductase";"Sus scrofa";"SINGLE PROTEIN";"CHEMBL1158227";"1";"Scientific Literature";"J. Nat. Prod.";"1996";"None";""
"CHEMBL336653";"";"0";"499.09";"0";"2.08";"31b";"O=C1CC2(C(=O)N1)C(=O)N(Cc1ccc(Br)cc1F)C(=O)c1cc(Br)cn12";"IC50";"'='";"100.0";"nM";"7.00";"";"";"UO_0000065";"14.03";"0.35";"4.92";"7.91";"0";"CHEMBL643203";"In vitro inhibitory activity against aldose reductase in porcine lens.";"B";"BAO_0000357";"single protein format";"None";"None";"None";"None";"None";"";"";"";"CHEMBL4559";"Aldose reductase";"Sus scrofa";"SINGLE PROTEIN";"CHEMBL1131142";"1";"Scientific Literature";"J. Med. Chem.";"1998";"None";""
"CHEMBL422439";"";"0";"341.30";"0";"0.55";"23b";"O=C1CC2(C(=O)N1)C(=O)N(Cc1ccccc1F)C(=O)c1cccn12";"IC50";"'='";"61.0";"nM";"7.21";"";"";"UO_0000065";"21.14";"0.39";"6.66";"8.15";"0";"CHEMBL643203";"In vitro inhibitory activity against aldose reductase in porcine lens.";"B";"BAO_0000357";"single protein format";"None";"None";"None";"None";"None";"";"";"";"CHEMBL4559";"Aldose reductase";"Sus scrofa";"SINGLE PROTEIN";"CHEMBL1131142";"1";"Scientific Literature";"J. Med. Chem.";"1998";"None";""
"CHEMBL436";"TOLRESTAT";"4";"357.35";"0";"3.56";"Tolrestat";"COc1ccc2c(C(=S)N(C)CC(=O)O)cccc2c1C(F)(F)F";"IC50";"'='";"15.0";"nM";"7.82";"";"";"UO_0000065";"21.89";"0.45";"4.26";"15.72";"0";"CHEMBL643203";"In vitro inhibitory activity against aldose reductase in porcine lens.";"B";"BAO_0000357";"single protein format";"None";"None";"None";"None";"None";"";"";"";"CHEMBL4559";"Aldose reductase";"Sus scrofa";"SINGLE PROTEIN";"CHEMBL1131142";"1";"Scientific Literature";"J. Med. Chem.";"1998";"None";""
"CHEMBL152778";"";"0";"303.75";"0";"3.01";"26";"O=C(O)c1ccccc1C(=O)NCCc1ccc(Cl)cc1";"IC50";"'='";"203000.0";"nM";"";"Outside typical range";"";"UO_0000065";"";"";"";"";"0";"CHEMBL642953";"Inhibition of pig kidney aldose reductase (ALR2)";"B";"BAO_0000357";"single protein format";"None";"None";"None";"None";"None";"";"";"";"CHEMBL4559";"Aldose reductase";"Sus scrofa";"SINGLE PROTEIN";"CHEMBL1145936";"1";"Scientific Literature";"J. Med. Chem.";"2003";"None";""
"CHEMBL356443";"";"0";"207.23";"0";"1.88";"35";"O=C(O)CCCC(=O)Nc1ccccc1";"IC50";"'='";"440000.0";"nM";"";"Outside typical range";"";"UO_0000065";"";"";"";"";"0";"CHEMBL642953";"Inhibition of pig kidney aldose reductase (ALR2)";"B";"BAO_0000357";"single protein format";"None";"None";"None";"None";"None";"";"";"";"CHEMBL4559";"Aldose reductase";"Sus scrofa";"SINGLE PROTEIN";"CHEMBL1145936";"1";"Scientific Literature";"J. Med. Chem.";"2003";"None";""
"CHEMBL132846";"RANIRESTAT";"0";"420.19";"0";"1.31";"23t";"O=C1CC2(C(=O)N1)C(=O)N(Cc1ccc(Br)cc1F)C(=O)c1cccn12";"IC50";"'='";"45.0";"nM";"7.35";"";"";"UO_0000065";"17.48";"0.39";"6.04";"8.30";"0";"CHEMBL643203";"In vitro inhibitory activity against aldose reductase in porcine lens.";"B";"BAO_0000357";"single protein format";"None";"None";"None";"None";"None";"";"";"";"CHEMBL4559";"Aldose reductase";"Sus scrofa";"SINGLE PROTEIN";"CHEMBL1131142";"1";"Scientific Literature";"J. Med. Chem.";"1998";"None";""
"CHEMBL154103";"";"0";"253.69";"0";"1.64";"25";"O=C(O)/C=C/C(=O)NCCc1ccc(Cl)cc1";"IC50";"'='";"112000.0";"nM";"";"Outside typical range";"";"UO_0000065";"";"";"";"";"0";"CHEMBL642953";"Inhibition of pig kidney aldose reductase (ALR2)";"B";"BAO_0000357";"single protein format";"None";"None";"None";"None";"None";"";"";"";"CHEMBL4559";"Aldose reductase";"Sus scrofa";"SINGLE PROTEIN";"CHEMBL1145936";"1";"Scientific Literature";"J. Med. Chem.";"2003";"None";""
"CHEMBL153098";"";"0";"331.37";"0";"2.39";"8";"COc1cc(C(=O)NCCc2ccc(O)cc2)cc(OC)c1OC";"IC50";"'='";"100000.0";"nM";"4.00";"";"";"UO_0000065";"12.07";"0.23";"1.61";"5.19";"0";"CHEMBL642953";"Inhibition of pig kidney aldose reductase (ALR2)";"B";"BAO_0000357";"single protein format";"None";"None";"None";"None";"None";"";"";"";"CHEMBL4559";"Aldose reductase";"Sus scrofa";"SINGLE PROTEIN";"CHEMBL1145936";"1";"Scientific Literature";"J. Med. Chem.";"2003";"None";""
"CHEMBL131150";"";"0";"247.21";"0";"-1.16";"22b";"CN1C(=O)c2cccn2C2(CC(=O)NC2=O)C1=O";"IC50";"'='";"280.0";"nM";"6.55";"";"";"UO_0000065";"26.51";"0.50";"7.71";"7.41";"0";"CHEMBL643203";"In vitro inhibitory activity against aldose reductase in porcine lens.";"B";"BAO_0000357";"single protein format";"None";"None";"None";"None";"None";"";"";"";"CHEMBL4559";"Aldose reductase";"Sus scrofa";"SINGLE PROTEIN";"CHEMBL1131142";"1";"Scientific Literature";"J. Med. Chem.";"1998";"None";""
"CHEMBL542104";"";"0";"416.85";"0";"4.00";"6g";"CN(C)c1cc(CC(=O)O)cc(Cc2nc3c(F)c(F)cc(F)c3s2)c1.Cl";"IC50";"'='";"12.0";"nM";"7.92";"";"";"UO_0000065";"20.82";"0.42";"3.92";"14.82";"0";"CHEMBL643204";"Inhibitory concentration against porcine lens aldose reductase (AR) with DL-glyceraldehyde as the substrate";"B";"BAO_0000357";"single protein format";"None";"None";"None";"None";"None";"";"";"";"CHEMBL4559";"Aldose reductase";"Sus scrofa";"SINGLE PROTEIN";"CHEMBL1130466";"1";"Scientific Literature";"Bioorg. Med. Chem. Lett.";"1997";"None";""
"CHEMBL45751";"";"0";"371.77";"0";"4.58";"6i";"O=C(O)Cc1cccc(Cc2nc3c(F)c(F)cc(F)c3s2)c1Cl";"IC50";"'='";"9.3";"nM";"8.03";"";"";"UO_0000065";"21.60";"0.46";"3.45";"16.00";"0";"CHEMBL643204";"Inhibitory concentration against porcine lens aldose reductase (AR) with DL-glyceraldehyde as the substrate";"B";"BAO_0000357";"single protein format";"None";"None";"None";"None";"None";"";"";"";"CHEMBL4559";"Aldose reductase";"Sus scrofa";"SINGLE PROTEIN";"CHEMBL1130466";"1";"Scientific Literature";"Bioorg. Med. Chem. Lett.";"1997";"None";""
"CHEMBL152369";"";"0";"237.23";"0";"1.13";"21";"O=C(O)/C=C/C(=O)NCCc1ccc(F)cc1";"IC50";"'='";"75000.0";"nM";"4.12";"";"";"UO_0000065";"17.39";"0.33";"2.99";"6.21";"0";"CHEMBL642953";"Inhibition of pig kidney aldose reductase (ALR2)";"B";"BAO_0000357";"single protein format";"None";"None";"None";"None";"None";"";"";"";"CHEMBL4559";"Aldose reductase";"Sus scrofa";"SINGLE PROTEIN";"CHEMBL1145936";"1";"Scientific Literature";"J. Med. Chem.";"2003";"None";""
"CHEMBL152110";"";"0";"314.18";"0";"2.36";"31";"O=C(O)CCCC(=O)NCCc1ccc(Br)cc1";"IC50";"'='";"110000.0";"nM";"";"Outside typical range";"";"UO_0000065";"";"";"";"";"0";"CHEMBL642953";"Inhibition of pig kidney aldose reductase (ALR2)";"B";"BAO_0000357";"single protein format";"None";"None";"None";"None";"None";"";"";"";"CHEMBL4559";"Aldose reductase";"Sus scrofa";"SINGLE PROTEIN";"CHEMBL1145936";"1";"Scientific Literature";"J. Med. Chem.";"2003";"None";""
"CHEMBL297861";"";"0";"337.32";"0";"3.93";"22a";"O=C(O)Cc1ccccc1Cc1nc2c(F)c(F)cc(F)c2s1";"IC50";"'='";"19.0";"nM";"7.72";"";"";"UO_0000065";"22.89";"0.46";"3.79";"15.38";"0";"CHEMBL643204";"Inhibitory concentration against porcine lens aldose reductase (AR) with DL-glyceraldehyde as the substrate";"B";"BAO_0000357";"single protein format";"None";"None";"None";"None";"None";"";"";"";"CHEMBL4559";"Aldose reductase";"Sus scrofa";"SINGLE PROTEIN";"CHEMBL1130466";"1";"Scientific Literature";"Bioorg. Med. Chem. Lett.";"1997";"None";""
"CHEMBL47614";"";"0";"355.31";"0";"4.07";"6c";"O=C(O)Cc1cc(F)cc(Cc2nc3c(F)c(F)cc(F)c3s2)c1";"IC50";"'='";"8.8";"nM";"8.06";"";"";"UO_0000065";"22.67";"0.46";"3.99";"16.05";"0";"CHEMBL643204";"Inhibitory concentration against porcine lens aldose reductase (AR) with DL-glyceraldehyde as the substrate";"B";"BAO_0000357";"single protein format";"None";"None";"None";"None";"None";"";"";"";"CHEMBL4559";"Aldose reductase";"Sus scrofa";"SINGLE PROTEIN";"CHEMBL1130466";"1";"Scientific Literature";"Bioorg. Med. Chem. Lett.";"1997";"None";""
"CHEMBL296769";"";"0";"332.30";"0";"2.19";"5a";"CN(CC(=O)O)C(=O)CCc1nc2c(F)c(F)cc(F)c2s1";"IC50";"'='";"13.0";"nM";"7.89";"";"";"UO_0000065";"23.73";"0.49";"5.70";"11.19";"0";"CHEMBL643204";"Inhibitory concentration against porcine lens aldose reductase (AR) with DL-glyceraldehyde as the substrate";"B";"BAO_0000357";"single protein format";"None";"None";"None";"None";"None";"";"";"";"CHEMBL4559";"Aldose reductase";"Sus scrofa";"SINGLE PROTEIN";"CHEMBL1130466";"1";"Scientific Literature";"Bioorg. Med. Chem. Lett.";"1997";"None";""
"CHEMBL357516";"";"0";"219.24";"0";"1.44";"40";"O=C(O)CCC(=O)N1CCc2ccccc21";"IC50";"'='";"102000.0";"nM";"";"Outside typical range";"";"UO_0000065";"";"";"";"";"0";"CHEMBL642953";"Inhibition of pig kidney aldose reductase (ALR2)";"B";"BAO_0000357";"single protein format";"None";"None";"None";"None";"None";"";"";"";"CHEMBL4559";"Aldose reductase";"Sus scrofa";"SINGLE PROTEIN";"CHEMBL1145936";"1";"Scientific Literature";"J. Med. Chem.";"2003";"None";""
"CHEMBL471479";"PERSICARIN";"0";"434.42";"0";"1.77";"4";"COc1cc(-c2oc3cc(O)cc(O)c3c(=O)c2OS(=O)(=O)[O-])ccc1O.[K+]";"IC50";"'='";"69000.0";"nM";"4.16";"";"";"UO_0000065";"10.50";"0.21";"2.39";"2.54";"0";"CHEMBL989312";"Inhibition of pig lens aldose reductase by spectrophotometry";"B";"BAO_0000357";"single protein format";"Sus scrofa";"None";"None";"None";"None";"";"";"";"CHEMBL4559";"Aldose reductase";"Sus scrofa";"SINGLE PROTEIN";"CHEMBL1158227";"1";"Scientific Literature";"J. Nat. Prod.";"1996";"None";""
"CHEMBL463755";"";"0";"552.57";"1";"1.24";"5";"COc1cc(-c2oc3cc(OS(=O)(=O)[O-])cc(O)c3c(=O)c2OS(=O)(=O)[O-])ccc1O.[K+].[K+]";"Activity";"";"";"";"";"";"Active";"";"";"";"";"";"0";"CHEMBL989316";"Inhibition of pig lens aldose reductase at 0.54 uM by Lineweaver-Burke plot";"B";"BAO_0000357";"single protein format";"Sus scrofa";"None";"None";"None";"None";"";"";"";"CHEMBL4559";"Aldose reductase";"Sus scrofa";"SINGLE PROTEIN";"CHEMBL1158227";"1";"Scientific Literature";"J. Nat. Prod.";"1996";"None";""
"CHEMBL442690";"";"0";"348.37";"0";"2.99";"5e";"CN(CC(=O)O)C(=S)CCc1nc2c(F)c(F)cc(F)c2s1";"IC50";"'='";"11.0";"nM";"7.96";"";"";"UO_0000065";"22.85";"0.49";"4.97";"14.90";"0";"CHEMBL643204";"Inhibitory concentration against porcine lens aldose reductase (AR) with DL-glyceraldehyde as the substrate";"B";"BAO_0000357";"single protein format";"None";"None";"None";"None";"None";"";"";"";"CHEMBL4559";"Aldose reductase";"Sus scrofa";"SINGLE PROTEIN";"CHEMBL1130466";"1";"Scientific Literature";"Bioorg. Med. Chem. Lett.";"1997";"None";""
"CHEMBL337706";"";"0";"222.20";"0";"0.16";"18a";"O=C(O)CCC1C(=O)NC(=O)c2cccn21";"IC50";"'>'";"10000.0";"nM";"";"";"";"UO_0000065";"";"";"";"";"0";"CHEMBL643203";"In vitro inhibitory activity against aldose reductase in porcine lens.";"B";"BAO_0000357";"single protein format";"None";"None";"None";"None";"None";"";"";"";"CHEMBL4559";"Aldose reductase";"Sus scrofa";"SINGLE PROTEIN";"CHEMBL1131142";"1";"Scientific Literature";"J. Med. Chem.";"1998";"None";""
"CHEMBL153135";"";"0";"253.27";"0";"1.74";"23";"O=C(O)CCCC(=O)NCCc1ccc(F)cc1";"IC50";"'='";"76000.0";"nM";"4.12";"";"";"UO_0000065";"16.26";"0.31";"2.38";"6.20";"0";"CHEMBL642953";"Inhibition of pig kidney aldose reductase (ALR2)";"B";"BAO_0000357";"single protein format";"None";"None";"None";"None";"None";"";"";"";"CHEMBL4559";"Aldose reductase";"Sus scrofa";"SINGLE PROTEIN";"CHEMBL1145936";"1";"Scientific Literature";"J. Med. Chem.";"2003";"None";""
"CHEMBL130145";"";"0";"462.23";"0";"1.52";"31c";"CC(=O)c1cc2n(c1)C1(CC(=O)NC1=O)C(=O)N(Cc1ccc(Br)cc1F)C2=O";"IC50";"'='";"210.0";"nM";"6.68";"";"";"UO_0000065";"14.45";"0.31";"5.16";"6.33";"0";"CHEMBL643203";"In vitro inhibitory activity against aldose reductase in porcine lens.";"B";"BAO_0000357";"single protein format";"None";"None";"None";"None";"None";"";"";"";"CHEMBL4559";"Aldose reductase";"Sus scrofa";"SINGLE PROTEIN";"CHEMBL1131142";"1";"Scientific Literature";"J. Med. Chem.";"1998";"None";""
"CHEMBL130174";"";"0";"402.20";"0";"1.17";"23g";"O=C1CC2(C(=O)N1)C(=O)N(Cc1ccccc1Br)C(=O)c1cccn12";"IC50";"'='";"52.0";"nM";"7.28";"";"";"UO_0000065";"18.11";"0.40";"6.11";"8.23";"0";"CHEMBL643203";"In vitro inhibitory activity against aldose reductase in porcine lens.";"B";"BAO_0000357";"single protein format";"None";"None";"None";"None";"None";"";"";"";"CHEMBL4559";"Aldose reductase";"Sus scrofa";"SINGLE PROTEIN";"CHEMBL1131142";"1";"Scientific Literature";"J. Med. Chem.";"1998";"None";""
"CHEMBL152373";"";"0";"298.14";"0";"1.75";"29";"O=C(O)/C=C/C(=O)NCCc1ccc(Br)cc1";"IC50";"'='";"99000.0";"nM";"4.00";"";"";"UO_0000065";"13.43";"0.32";"2.25";"6.03";"0";"CHEMBL642953";"Inhibition of pig kidney aldose reductase (ALR2)";"B";"BAO_0000357";"single protein format";"None";"None";"None";"None";"None";"";"";"";"CHEMBL4559";"Aldose reductase";"Sus scrofa";"SINGLE PROTEIN";"CHEMBL1145936";"1";"Scientific Literature";"J. Med. Chem.";"2003";"None";""
"CHEMBL152297";"";"0";"241.29";"0";"2.36";"7";"O=C(NCCc1ccc(O)cc1)c1ccccc1";"IC50";"'='";"160000.0";"nM";"";"Outside typical range";"";"UO_0000065";"";"";"";"";"0";"CHEMBL642953";"Inhibition of pig kidney aldose reductase (ALR2)";"B";"BAO_0000357";"single protein format";"None";"None";"None";"None";"None";"";"";"";"CHEMBL4559";"Aldose reductase";"Sus scrofa";"SINGLE PROTEIN";"CHEMBL1145936";"1";"Scientific Literature";"J. Med. Chem.";"2003";"None";""
"CHEMBL132749";"";"0";"357.75";"0";"1.07";"23d";"O=C1CC2(C(=O)N1)C(=O)N(Cc1ccccc1Cl)C(=O)c1cccn12";"IC50";"'='";"37.0";"nM";"7.43";"";"";"UO_0000065";"20.77";"0.41";"6.36";"8.40";"0";"CHEMBL643203";"In vitro inhibitory activity against aldose reductase in porcine lens.";"B";"BAO_0000357";"single protein format";"None";"None";"None";"None";"None";"";"";"";"CHEMBL4559";"Aldose reductase";"Sus scrofa";"SINGLE PROTEIN";"CHEMBL1131142";"1";"Scientific Literature";"J. Med. Chem.";"1998";"None";""
"CHEMBL152549";"";"0";"269.30";"0";"2.36";"14";"O=C(O)c1ccccc1C(=O)NCCc1ccccc1";"IC50";"'='";"88000.0";"nM";"4.06";"";"";"UO_0000065";"15.06";"0.28";"1.70";"6.11";"0";"CHEMBL642953";"Inhibition of pig kidney aldose reductase (ALR2)";"B";"BAO_0000357";"single protein format";"None";"None";"None";"None";"None";"";"";"";"CHEMBL4559";"Aldose reductase";"Sus scrofa";"SINGLE PROTEIN";"CHEMBL1145936";"1";"Scientific Literature";"J. Med. Chem.";"2003";"None";""
"CHEMBL337084";"";"0";"233.18";"0";"-1.50";"22a";"O=C1CC2(C(=O)N1)C(=O)NC(=O)c1cccn12";"IC50";"'='";"630.0";"nM";"6.20";"";"";"UO_0000065";"26.59";"0.50";"7.70";"6.37";"0";"CHEMBL643203";"In vitro inhibitory activity against aldose reductase in porcine lens.";"B";"BAO_0000357";"single protein format";"None";"None";"None";"None";"None";"";"";"";"CHEMBL4559";"Aldose reductase";"Sus scrofa";"SINGLE PROTEIN";"CHEMBL1131142";"1";"Scientific Literature";"J. Med. Chem.";"1998";"None";""
"CHEMBL133721";"";"0";"383.36";"0";"0.43";"23o";"COc1ccc(CN2C(=O)c3cccn3C3(CC(=O)NC3=O)C2=O)c(OC)c1";"IC50";"'='";"350.0";"nM";"6.46";"";"";"UO_0000065";"16.84";"0.31";"6.03";"6.04";"0";"CHEMBL643203";"In vitro inhibitory activity against aldose reductase in porcine lens.";"B";"BAO_0000357";"single protein format";"None";"None";"None";"None";"None";"";"";"";"CHEMBL4559";"Aldose reductase";"Sus scrofa";"SINGLE PROTEIN";"CHEMBL1131142";"1";"Scientific Literature";"J. Med. Chem.";"1998";"None";""
"CHEMBL133123";"";"0";"208.17";"0";"-0.23";"17a";"O=C(O)CC1C(=O)NC(=O)c2cccn21";"IC50";"'>'";"10000.0";"nM";"";"";"";"UO_0000065";"";"";"";"";"0";"CHEMBL643203";"In vitro inhibitory activity against aldose reductase in porcine lens.";"B";"BAO_0000357";"single protein format";"None";"None";"None";"None";"None";"";"";"";"CHEMBL4559";"Aldose reductase";"Sus scrofa";"SINGLE PROTEIN";"CHEMBL1131142";"1";"Scientific Literature";"J. Med. Chem.";"1998";"None";""
"CHEMBL44743";"";"0";"394.37";"0";"3.76";"5b";"O=C(O)CN(C(=O)CCc1nc2c(F)c(F)cc(F)c2s1)c1ccccc1";"IC50";"'='";"8.3";"nM";"8.08";"";"";"UO_0000065";"20.49";"0.41";"4.32";"11.46";"0";"CHEMBL643204";"Inhibitory concentration against porcine lens aldose reductase (AR) with DL-glyceraldehyde as the substrate";"B";"BAO_0000357";"single protein format";"None";"None";"None";"None";"None";"";"";"";"CHEMBL4559";"Aldose reductase";"Sus scrofa";"SINGLE PROTEIN";"CHEMBL1130466";"1";"Scientific Literature";"Bioorg. Med. Chem. Lett.";"1997";"None";""
"CHEMBL346869";"";"0";"191.19";"0";"1.27";"33";"O=C(O)/C=C/C(=O)Nc1ccccc1";"IC50";"'='";"182000.0";"nM";"";"Outside typical range";"";"UO_0000065";"";"";"";"";"0";"CHEMBL642953";"Inhibition of pig kidney aldose reductase (ALR2)";"B";"BAO_0000357";"single protein format";"None";"None";"None";"None";"None";"";"";"";"CHEMBL4559";"Aldose reductase";"Sus scrofa";"SINGLE PROTEIN";"CHEMBL1145936";"1";"Scientific Literature";"J. Med. Chem.";"2003";"None";""
"CHEMBL45352";"";"0";"422.43";"0";"3.80";"5d";"O=C(O)CN(CCc1ccccc1)C(=O)CCc1nc2c(F)c(F)cc(F)c2s1";"IC50";"'='";"21.0";"nM";"7.68";"";"";"UO_0000065";"18.18";"0.36";"3.88";"10.89";"0";"CHEMBL643204";"Inhibitory concentration against porcine lens aldose reductase (AR) with DL-glyceraldehyde as the substrate";"B";"BAO_0000357";"single protein format";"None";"None";"None";"None";"None";"";"";"";"CHEMBL4559";"Aldose reductase";"Sus scrofa";"SINGLE PROTEIN";"CHEMBL1130466";"1";"Scientific Literature";"Bioorg. Med. Chem. Lett.";"1997";"None";""
"CHEMBL132245";"";"0";"337.34";"0";"0.46";"22d";"O=C1CC2(C(=O)N1)C(=O)N(CCc1ccccc1)C(=O)c1cccn12";"IC50";"'='";"270.0";"nM";"6.57";"";"";"UO_0000065";"19.47";"0.36";"6.11";"7.42";"0";"CHEMBL643203";"In vitro inhibitory activity against aldose reductase in porcine lens.";"B";"BAO_0000357";"single protein format";"None";"None";"None";"None";"None";"";"";"";"CHEMBL4559";"Aldose reductase";"Sus scrofa";"SINGLE PROTEIN";"CHEMBL1131142";"1";"Scientific Literature";"J. Med. Chem.";"1998";"None";""
"CHEMBL334830";"RANIRESTAT";"3";"420.19";"0";"1.31";"43";"O=C1C[C@@]2(C(=O)N1)C(=O)N(Cc1ccc(Br)cc1F)C(=O)c1cccn12";"IC50";"'='";"15.0";"nM";"7.82";"";"";"UO_0000065";"18.62";"0.41";"6.51";"8.84";"0";"CHEMBL643203";"In vitro inhibitory activity against aldose reductase in porcine lens.";"B";"BAO_0000357";"single protein format";"None";"None";"None";"None";"None";"";"";"";"CHEMBL4559";"Aldose reductase";"Sus scrofa";"SINGLE PROTEIN";"CHEMBL1131142";"1";"Scientific Literature";"J. Med. Chem.";"1998";"None";""
"CHEMBL334863";"";"0";"357.75";"0";"1.07";"23f";"O=C1CC2(C(=O)N1)C(=O)N(Cc1ccc(Cl)cc1)C(=O)c1cccn12";"IC50";"'='";"38.0";"nM";"7.42";"";"";"UO_0000065";"20.74";"0.41";"6.35";"8.39";"0";"CHEMBL643203";"In vitro inhibitory activity against aldose reductase in porcine lens.";"B";"BAO_0000357";"single protein format";"None";"None";"None";"None";"None";"";"";"";"CHEMBL4559";"Aldose reductase";"Sus scrofa";"SINGLE PROTEIN";"CHEMBL1131142";"1";"Scientific Literature";"J. Med. Chem.";"1998";"None";""
"CHEMBL358031";"";"0";"263.38";"0";"3.41";"3";"CCCCCCCC(=O)NCCc1ccc(O)cc1";"IC50";"'='";"120000.0";"nM";"";"Outside typical range";"";"UO_0000065";"";"";"";"";"0";"CHEMBL642953";"Inhibition of pig kidney aldose reductase (ALR2)";"B";"BAO_0000357";"single protein format";"None";"None";"None";"None";"None";"";"";"";"CHEMBL4559";"Aldose reductase";"Sus scrofa";"SINGLE PROTEIN";"CHEMBL1145936";"1";"Scientific Literature";"J. Med. Chem.";"2003";"None";""
"CHEMBL45290";"";"0";"463.22";"0";"4.54";"6f";"O=C(O)Cc1cc(I)cc(Cc2nc3c(F)c(F)cc(F)c3s2)c1";"IC50";"'='";"11.0";"nM";"7.96";"";"";"UO_0000065";"17.18";"0.45";"3.42";"15.86";"0";"CHEMBL643204";"Inhibitory concentration against porcine lens aldose reductase (AR) with DL-glyceraldehyde as the substrate";"B";"BAO_0000357";"single protein format";"None";"None";"None";"None";"None";"";"";"";"CHEMBL4559";"Aldose reductase";"Sus scrofa";"SINGLE PROTEIN";"CHEMBL1130466";"1";"Scientific Literature";"Bioorg. Med. Chem. Lett.";"1997";"None";""
"CHEMBL46794";"";"0";"275.25";"0";"3.12";"4a";"O=C(O)CCCc1nc2c(F)c(F)cc(F)c2s1";"Inhibition";"'='";"1.0";"%";"";"";"";"UO_0000187";"";"";"";"";"0";"CHEMBL642954";"In vitro percent inhibition of porcine lens aldose reductase (AR) at 10e -7 M with DL-glyceraldehyde as the substrate";"B";"BAO_0000357";"single protein format";"None";"None";"None";"None";"None";"";"";"";"CHEMBL4559";"Aldose reductase";"Sus scrofa";"SINGLE PROTEIN";"CHEMBL1130466";"1";"Scientific Literature";"Bioorg. Med. Chem. Lett.";"1997";"None";""
"CHEMBL431145";"";"0";"303.31";"0";"3.90";"4c";"O=C(O)CCCCCc1nc2c(F)c(F)cc(F)c2s1";"IC50";"'='";"50.0";"nM";"7.30";"";"";"UO_0000065";"24.07";"0.50";"3.40";"14.55";"0";"CHEMBL643204";"Inhibitory concentration against porcine lens aldose reductase (AR) with DL-glyceraldehyde as the substrate";"B";"BAO_0000357";"single protein format";"None";"None";"None";"None";"None";"";"";"";"CHEMBL4559";"Aldose reductase";"Sus scrofa";"SINGLE PROTEIN";"CHEMBL1130466";"1";"Scientific Literature";"Bioorg. Med. Chem. Lett.";"1997";"None";""
"CHEMBL457148";"RHAMNAZIN";"0";"330.29";"0";"2.59";"6";"COc1cc(O)c2c(=O)c(O)c(-c3ccc(O)c(OC)c3)oc2c1";"IC50";"'>'";"91000.0";"nM";"";"";"";"UO_0000065";"";"";"";"";"0";"CHEMBL989312";"Inhibition of pig lens aldose reductase by spectrophotometry";"B";"BAO_0000357";"single protein format";"Sus scrofa";"None";"None";"None";"None";"";"";"";"CHEMBL4559";"Aldose reductase";"Sus scrofa";"SINGLE PROTEIN";"CHEMBL1158227";"1";"Scientific Literature";"J. Nat. Prod.";"1996";"None";""
"CHEMBL463755";"";"0";"552.57";"1";"1.24";"5";"COc1cc(-c2oc3cc(OS(=O)(=O)[O-])cc(O)c3c(=O)c2OS(=O)(=O)[O-])ccc1O.[K+].[K+]";"Activity";"";"";"";"";"";"Active";"";"";"";"";"";"0";"CHEMBL989315";"Inhibition of pig lens aldose reductase at 1.8 uM by Lineweaver-Burke plot";"B";"BAO_0000357";"single protein format";"Sus scrofa";"None";"None";"None";"None";"";"";"";"CHEMBL4559";"Aldose reductase";"Sus scrofa";"SINGLE PROTEIN";"CHEMBL1158227";"1";"Scientific Literature";"J. Nat. Prod.";"1996";"None";""
"CHEMBL86532";"";"0";"241.25";"0";"2.64";"34";"O=C(O)c1ccccc1C(=O)Nc1ccccc1";"IC50";"'='";"227000.0";"nM";"";"Outside typical range";"";"UO_0000065";"";"";"";"";"0";"CHEMBL642953";"Inhibition of pig kidney aldose reductase (ALR2)";"B";"BAO_0000357";"single protein format";"None";"None";"None";"None";"None";"";"";"";"CHEMBL4559";"Aldose reductase";"Sus scrofa";"SINGLE PROTEIN";"CHEMBL1145936";"1";"Scientific Literature";"J. Med. Chem.";"2003";"None";""
